mode: set
github.com/mithro/go-netgear-switch-library/virtual/cli_socket.go:52.55,53.21 1 1
github.com/mithro/go-netgear-switch-library/virtual/cli_socket.go:54.21,55.40 1 1
github.com/mithro/go-netgear-switch-library/virtual/cli_socket.go:56.21,57.38 1 1
github.com/mithro/go-netgear-switch-library/virtual/cli_socket.go:58.24,59.44 1 1
github.com/mithro/go-netgear-switch-library/virtual/cli_socket.go:59.44,61.4 1 1
github.com/mithro/go-netgear-switch-library/virtual/cli_socket.go:62.3,62.43 1 0
github.com/mithro/go-netgear-switch-library/virtual/cli_socket.go:63.10,64.32 1 1
github.com/mithro/go-netgear-switch-library/virtual/cli_socket.go:80.105,81.31 1 1
github.com/mithro/go-netgear-switch-library/virtual/cli_socket.go:81.31,84.3 2 1
github.com/mithro/go-netgear-switch-library/virtual/cli_socket.go:85.2,85.39 1 1
github.com/mithro/go-netgear-switch-library/virtual/cli_socket.go:85.39,87.3 1 0
github.com/mithro/go-netgear-switch-library/virtual/cli_socket.go:88.2,88.6 1 1
github.com/mithro/go-netgear-switch-library/virtual/cli_socket.go:88.6,89.23 1 1
github.com/mithro/go-netgear-switch-library/virtual/cli_socket.go:89.23,91.4 1 0
github.com/mithro/go-netgear-switch-library/virtual/cli_socket.go:92.3,93.30 2 1
github.com/mithro/go-netgear-switch-library/virtual/cli_socket.go:93.30,95.4 1 1
github.com/mithro/go-netgear-switch-library/virtual/cli_socket.go:96.3,101.31 2 1
github.com/mithro/go-netgear-switch-library/virtual/cli_socket.go:101.31,103.4 1 0
github.com/mithro/go-netgear-switch-library/virtual/cli_socket.go:104.3,105.20 2 1
github.com/mithro/go-netgear-switch-library/virtual/cli_socket.go:105.20,107.4 1 0
github.com/mithro/go-netgear-switch-library/virtual/cli_socket.go:108.3,108.19 1 1
github.com/mithro/go-netgear-switch-library/virtual/cli_socket.go:108.19,109.65 1 1
github.com/mithro/go-netgear-switch-library/virtual/cli_socket.go:109.65,111.5 1 0
github.com/mithro/go-netgear-switch-library/virtual/cli_socket.go:113.3,113.40 1 1
github.com/mithro/go-netgear-switch-library/virtual/cli_socket.go:113.40,115.4 1 0
github.com/mithro/go-netgear-switch-library/virtual/cli_socket.go:116.3,116.17 1 1
github.com/mithro/go-netgear-switch-library/virtual/cli_socket.go:116.17,122.4 1 0
github.com/mithro/go-netgear-switch-library/virtual/cliface.go:103.37,105.2 1 1
github.com/mithro/go-netgear-switch-library/virtual/cliface.go:126.69,128.2 1 1
github.com/mithro/go-netgear-switch-library/virtual/cliface.go:133.33,134.23 1 1
github.com/mithro/go-netgear-switch-library/virtual/cliface.go:134.23,136.3 1 1
github.com/mithro/go-netgear-switch-library/virtual/cliface.go:137.2,137.32 1 1
github.com/mithro/go-netgear-switch-library/virtual/cliface.go:141.46,142.34 1 1
github.com/mithro/go-netgear-switch-library/virtual/cliface.go:142.34,144.3 1 1
github.com/mithro/go-netgear-switch-library/virtual/cliface.go:145.2,145.30 1 1
github.com/mithro/go-netgear-switch-library/virtual/cliface.go:156.58,157.39 1 1
github.com/mithro/go-netgear-switch-library/virtual/cliface.go:157.39,158.24 1 1
github.com/mithro/go-netgear-switch-library/virtual/cliface.go:158.24,160.4 1 1
github.com/mithro/go-netgear-switch-library/virtual/cliface.go:162.2,162.17 1 0
github.com/mithro/go-netgear-switch-library/virtual/cliface.go:183.42,185.16 2 1
github.com/mithro/go-netgear-switch-library/virtual/cliface.go:185.16,187.3 1 0
github.com/mithro/go-netgear-switch-library/virtual/cliface.go:188.2,188.30 1 1
github.com/mithro/go-netgear-switch-library/virtual/cliface.go:188.30,190.3 1 1
github.com/mithro/go-netgear-switch-library/virtual/cliface.go:191.2,191.49 1 1
github.com/mithro/go-netgear-switch-library/virtual/cliface.go:202.45,204.2 1 1
github.com/mithro/go-netgear-switch-library/virtual/cliface.go:211.50,213.2 1 1
github.com/mithro/go-netgear-switch-library/virtual/cliface.go:218.37,220.2 1 1
github.com/mithro/go-netgear-switch-library/virtual/cliface.go:239.52,241.13 2 1
github.com/mithro/go-netgear-switch-library/virtual/cliface.go:241.13,243.3 1 0
github.com/mithro/go-netgear-switch-library/virtual/cliface.go:244.2,246.8 3 1
github.com/mithro/go-netgear-switch-library/virtual/cliface.go:246.8,248.3 1 1
github.com/mithro/go-netgear-switch-library/virtual/cliface.go:248.8,250.3 1 0
github.com/mithro/go-netgear-switch-library/virtual/cliface.go:251.2,251.18 1 1
github.com/mithro/go-netgear-switch-library/virtual/cliface.go:251.18,253.3 1 1
github.com/mithro/go-netgear-switch-library/virtual/cliface.go:254.2,254.9 1 1
github.com/mithro/go-netgear-switch-library/virtual/cliface.go:254.9,255.49 1 0
github.com/mithro/go-netgear-switch-library/virtual/cliface.go:255.49,257.4 1 0
github.com/mithro/go-netgear-switch-library/virtual/cliface.go:266.43,268.13 2 1
github.com/mithro/go-netgear-switch-library/virtual/cliface.go:268.13,270.3 1 0
github.com/mithro/go-netgear-switch-library/virtual/cliface.go:271.2,272.23 2 1
github.com/mithro/go-netgear-switch-library/virtual/cliface.go:272.23,274.3 1 1
github.com/mithro/go-netgear-switch-library/virtual/cliface.go:274.8,276.3 1 0
github.com/mithro/go-netgear-switch-library/virtual/cliface.go:284.58,285.58 1 1
github.com/mithro/go-netgear-switch-library/virtual/cliface.go:285.58,290.47 2 1
github.com/mithro/go-netgear-switch-library/virtual/cliface.go:290.47,292.4 1 1
github.com/mithro/go-netgear-switch-library/virtual/cliface.go:293.3,293.27 1 1
github.com/mithro/go-netgear-switch-library/virtual/cliface.go:295.2,295.56 1 1
github.com/mithro/go-netgear-switch-library/virtual/cliface.go:295.56,299.14 4 1
github.com/mithro/go-netgear-switch-library/virtual/cliface.go:299.14,301.4 1 1
github.com/mithro/go-netgear-switch-library/virtual/cliface.go:302.3,303.27 2 1
github.com/mithro/go-netgear-switch-library/virtual/cliface.go:305.2,305.58 1 1
github.com/mithro/go-netgear-switch-library/virtual/cliface.go:305.58,307.15 2 1
github.com/mithro/go-netgear-switch-library/virtual/cliface.go:307.15,309.4 1 1
github.com/mithro/go-netgear-switch-library/virtual/cliface.go:310.3,310.47 1 0
github.com/mithro/go-netgear-switch-library/virtual/cliface.go:310.47,312.4 1 0
github.com/mithro/go-netgear-switch-library/virtual/cliface.go:313.3,318.41 2 0
github.com/mithro/go-netgear-switch-library/virtual/cliface.go:318.41,319.19 1 0
github.com/mithro/go-netgear-switch-library/virtual/cliface.go:319.19,321.5 1 0
github.com/mithro/go-netgear-switch-library/virtual/cliface.go:323.3,323.27 1 0
github.com/mithro/go-netgear-switch-library/virtual/cliface.go:325.2,325.18 1 0
github.com/mithro/go-netgear-switch-library/virtual/cliface.go:333.71,334.62 1 1
github.com/mithro/go-netgear-switch-library/virtual/cliface.go:334.62,335.30 1 1
github.com/mithro/go-netgear-switch-library/virtual/cliface.go:335.30,337.4 1 1
github.com/mithro/go-netgear-switch-library/virtual/cliface.go:338.3,339.27 2 1
github.com/mithro/go-netgear-switch-library/virtual/cliface.go:341.2,341.34 1 1
github.com/mithro/go-netgear-switch-library/virtual/cliface.go:341.34,342.22 1 1
github.com/mithro/go-netgear-switch-library/virtual/cliface.go:342.22,344.4 1 0
github.com/mithro/go-netgear-switch-library/virtual/cliface.go:345.3,346.27 2 1
github.com/mithro/go-netgear-switch-library/virtual/cliface.go:348.2,348.51 1 1
github.com/mithro/go-netgear-switch-library/virtual/cliface.go:348.51,349.22 1 1
github.com/mithro/go-netgear-switch-library/virtual/cliface.go:349.22,351.4 1 0
github.com/mithro/go-netgear-switch-library/virtual/cliface.go:352.3,353.27 2 1
github.com/mithro/go-netgear-switch-library/virtual/cliface.go:355.2,355.56 1 1
github.com/mithro/go-netgear-switch-library/virtual/cliface.go:355.56,358.14 3 1
github.com/mithro/go-netgear-switch-library/virtual/cliface.go:358.14,360.4 1 0
github.com/mithro/go-netgear-switch-library/virtual/cliface.go:361.3,362.15 2 1
github.com/mithro/go-netgear-switch-library/virtual/cliface.go:362.15,366.4 1 0
github.com/mithro/go-netgear-switch-library/virtual/cliface.go:367.3,367.27 1 1
github.com/mithro/go-netgear-switch-library/virtual/cliface.go:369.2,369.61 1 1
github.com/mithro/go-netgear-switch-library/virtual/cliface.go:369.61,373.14 4 1
github.com/mithro/go-netgear-switch-library/virtual/cliface.go:373.14,375.4 1 0
github.com/mithro/go-netgear-switch-library/virtual/cliface.go:377.3,377.23 1 1
github.com/mithro/go-netgear-switch-library/virtual/cliface.go:377.23,379.4 1 1
github.com/mithro/go-netgear-switch-library/virtual/cliface.go:380.3,380.14 1 1
github.com/mithro/go-netgear-switch-library/virtual/cliface.go:380.14,386.4 2 1
github.com/mithro/go-netgear-switch-library/virtual/cliface.go:386.9,389.4 2 0
github.com/mithro/go-netgear-switch-library/virtual/cliface.go:390.3,390.27 1 1
github.com/mithro/go-netgear-switch-library/virtual/cliface.go:392.2,392.55 1 1
github.com/mithro/go-netgear-switch-library/virtual/cliface.go:392.55,396.14 4 1
github.com/mithro/go-netgear-switch-library/virtual/cliface.go:396.14,398.4 1 0
github.com/mithro/go-netgear-switch-library/virtual/cliface.go:399.3,399.23 1 1
github.com/mithro/go-netgear-switch-library/virtual/cliface.go:399.23,401.4 1 0
github.com/mithro/go-netgear-switch-library/virtual/cliface.go:402.3,402.13 1 1
github.com/mithro/go-netgear-switch-library/virtual/cliface.go:402.13,404.4 1 0
github.com/mithro/go-netgear-switch-library/virtual/cliface.go:404.9,406.4 1 1
github.com/mithro/go-netgear-switch-library/virtual/cliface.go:407.3,407.27 1 1
github.com/mithro/go-netgear-switch-library/virtual/cliface.go:409.2,409.52 1 1
github.com/mithro/go-netgear-switch-library/virtual/cliface.go:409.52,411.47 2 1
github.com/mithro/go-netgear-switch-library/virtual/cliface.go:411.47,413.4 1 0
github.com/mithro/go-netgear-switch-library/virtual/cliface.go:414.3,414.23 1 1
github.com/mithro/go-netgear-switch-library/virtual/cliface.go:414.23,416.4 1 0
github.com/mithro/go-netgear-switch-library/virtual/cliface.go:417.3,418.27 2 1
github.com/mithro/go-netgear-switch-library/virtual/cliface.go:420.2,420.18 1 0
github.com/mithro/go-netgear-switch-library/virtual/cliface.go:428.58,429.17 1 1
github.com/mithro/go-netgear-switch-library/virtual/cliface.go:429.17,430.23 1 1
github.com/mithro/go-netgear-switch-library/virtual/cliface.go:430.23,432.36 2 1
github.com/mithro/go-netgear-switch-library/virtual/cliface.go:432.36,434.5 1 1
github.com/mithro/go-netgear-switch-library/virtual/cliface.go:436.3,436.27 1 1
github.com/mithro/go-netgear-switch-library/virtual/cliface.go:438.2,438.16 1 1
github.com/mithro/go-netgear-switch-library/virtual/cliface.go:438.16,442.3 3 1
github.com/mithro/go-netgear-switch-library/virtual/cliface.go:443.2,443.38 1 1
github.com/mithro/go-netgear-switch-library/virtual/cliface.go:443.38,446.54 1 1
github.com/mithro/go-netgear-switch-library/virtual/cliface.go:446.54,449.4 2 1
github.com/mithro/go-netgear-switch-library/virtual/cliface.go:450.3,450.26 1 0
github.com/mithro/go-netgear-switch-library/virtual/cliface.go:452.2,452.35 1 1
github.com/mithro/go-netgear-switch-library/virtual/cliface.go:452.35,453.25 1 1
github.com/mithro/go-netgear-switch-library/virtual/cliface.go:453.25,456.4 2 1
github.com/mithro/go-netgear-switch-library/virtual/cliface.go:457.3,457.26 1 0
github.com/mithro/go-netgear-switch-library/virtual/cliface.go:459.2,459.60 1 1
github.com/mithro/go-netgear-switch-library/virtual/cliface.go:459.60,463.56 1 0
github.com/mithro/go-netgear-switch-library/virtual/cliface.go:463.56,465.4 1 0
github.com/mithro/go-netgear-switch-library/virtual/cliface.go:466.3,468.17 3 0
github.com/mithro/go-netgear-switch-library/virtual/cliface.go:468.17,470.4 1 0
github.com/mithro/go-netgear-switch-library/virtual/cliface.go:471.3,472.27 2 0
github.com/mithro/go-netgear-switch-library/virtual/cliface.go:474.2,474.31 1 1
github.com/mithro/go-netgear-switch-library/virtual/cliface.go:474.31,476.3 1 1
github.com/mithro/go-netgear-switch-library/virtual/cliface.go:477.2,477.31 1 1
github.com/mithro/go-netgear-switch-library/virtual/cliface.go:477.31,478.58 1 1
github.com/mithro/go-netgear-switch-library/virtual/cliface.go:478.58,480.11 2 1
github.com/mithro/go-netgear-switch-library/virtual/cliface.go:480.11,482.5 1 0
github.com/mithro/go-netgear-switch-library/virtual/cliface.go:483.4,485.28 3 1
github.com/mithro/go-netgear-switch-library/virtual/cliface.go:487.3,487.59 1 0
github.com/mithro/go-netgear-switch-library/virtual/cliface.go:487.59,488.36 1 0
github.com/mithro/go-netgear-switch-library/virtual/cliface.go:488.36,490.5 1 0
github.com/mithro/go-netgear-switch-library/virtual/cliface.go:491.4,494.28 4 0
github.com/mithro/go-netgear-switch-library/virtual/cliface.go:496.3,496.58 1 0
github.com/mithro/go-netgear-switch-library/virtual/cliface.go:496.58,497.36 1 0
github.com/mithro/go-netgear-switch-library/virtual/cliface.go:497.36,499.5 1 0
github.com/mithro/go-netgear-switch-library/virtual/cliface.go:500.4,501.28 2 0
github.com/mithro/go-netgear-switch-library/virtual/cliface.go:503.3,503.19 1 0
github.com/mithro/go-netgear-switch-library/virtual/cliface.go:505.2,505.56 1 1
github.com/mithro/go-netgear-switch-library/virtual/cliface.go:505.56,507.3 1 1
github.com/mithro/go-netgear-switch-library/virtual/cliface.go:508.2,508.18 1 1
github.com/mithro/go-netgear-switch-library/virtual/cliface.go:515.46,517.31 2 1
github.com/mithro/go-netgear-switch-library/virtual/cliface.go:517.31,519.3 1 1
github.com/mithro/go-netgear-switch-library/virtual/cliface.go:520.2,520.37 1 1
github.com/mithro/go-netgear-switch-library/virtual/cliface.go:520.37,525.3 4 0
github.com/mithro/go-netgear-switch-library/virtual/cliface.go:526.2,526.34 1 1
github.com/mithro/go-netgear-switch-library/virtual/cliface.go:526.34,531.3 4 0
github.com/mithro/go-netgear-switch-library/virtual/cliface.go:536.2,536.49 1 1
github.com/mithro/go-netgear-switch-library/virtual/cliface.go:536.49,538.3 1 1
github.com/mithro/go-netgear-switch-library/virtual/cliface.go:540.2,540.11 1 1
github.com/mithro/go-netgear-switch-library/virtual/cliface.go:541.25,542.27 1 1
github.com/mithro/go-netgear-switch-library/virtual/cliface.go:543.28,544.25 1 1
github.com/mithro/go-netgear-switch-library/virtual/cliface.go:545.27,546.29 1 1
github.com/mithro/go-netgear-switch-library/virtual/cliface.go:547.22,548.25 1 1
github.com/mithro/go-netgear-switch-library/virtual/cliface.go:549.26,550.28 1 1
github.com/mithro/go-netgear-switch-library/virtual/cliface.go:551.22,552.24 1 1
github.com/mithro/go-netgear-switch-library/virtual/cliface.go:553.21,554.23 1 1
github.com/mithro/go-netgear-switch-library/virtual/cliface.go:555.29,556.31 1 1
github.com/mithro/go-netgear-switch-library/virtual/cliface.go:557.25,558.27 1 1
github.com/mithro/go-netgear-switch-library/virtual/cliface.go:560.2,560.58 1 1
github.com/mithro/go-netgear-switch-library/virtual/cliface.go:560.58,563.3 2 1
github.com/mithro/go-netgear-switch-library/virtual/cliface.go:564.2,564.57 1 1
github.com/mithro/go-netgear-switch-library/virtual/cliface.go:564.57,566.10 2 1
github.com/mithro/go-netgear-switch-library/virtual/cliface.go:566.10,568.4 1 0
github.com/mithro/go-netgear-switch-library/virtual/cliface.go:569.3,569.41 1 1
github.com/mithro/go-netgear-switch-library/virtual/cliface.go:571.2,571.74 1 1
github.com/mithro/go-netgear-switch-library/virtual/cliface.go:577.76,578.34 1 1
github.com/mithro/go-netgear-switch-library/virtual/cliface.go:578.34,580.3 1 0
github.com/mithro/go-netgear-switch-library/virtual/cliface.go:581.2,581.28 1 1
github.com/mithro/go-netgear-switch-library/virtual/cliface.go:589.86,590.34 1 1
github.com/mithro/go-netgear-switch-library/virtual/cliface.go:590.34,592.3 1 0
github.com/mithro/go-netgear-switch-library/virtual/cliface.go:593.2,595.14 3 1
github.com/mithro/go-netgear-switch-library/virtual/cliface.go:595.14,597.3 1 1
github.com/mithro/go-netgear-switch-library/virtual/cliface.go:598.2,602.82 5 1
github.com/mithro/go-netgear-switch-library/virtual/cliface.go:614.95,615.34 1 1
github.com/mithro/go-netgear-switch-library/virtual/cliface.go:615.34,617.3 1 0
github.com/mithro/go-netgear-switch-library/virtual/cliface.go:618.2,619.19 2 1
github.com/mithro/go-netgear-switch-library/virtual/cliface.go:619.19,622.3 2 1
github.com/mithro/go-netgear-switch-library/virtual/cliface.go:623.2,626.16 4 1
github.com/mithro/go-netgear-switch-library/virtual/cliface.go:632.33,634.2 1 1
github.com/mithro/go-netgear-switch-library/virtual/cliface.go:649.33,651.2 1 1
github.com/mithro/go-netgear-switch-library/virtual/cliface.go:658.50,659.24 1 1
github.com/mithro/go-netgear-switch-library/virtual/cliface.go:659.24,661.3 1 0
github.com/mithro/go-netgear-switch-library/virtual/cliface.go:662.2,663.9 2 1
github.com/mithro/go-netgear-switch-library/virtual/cliface.go:663.9,665.3 1 0
github.com/mithro/go-netgear-switch-library/virtual/cliface.go:666.2,666.23 1 1
github.com/mithro/go-netgear-switch-library/virtual/cliface_render.go:31.37,34.31 3 1
github.com/mithro/go-netgear-switch-library/virtual/cliface_render.go:34.31,35.31 1 1
github.com/mithro/go-netgear-switch-library/virtual/cliface_render.go:35.31,37.4 1 1
github.com/mithro/go-netgear-switch-library/virtual/cliface_render.go:39.2,40.12 2 1
github.com/mithro/go-netgear-switch-library/virtual/cliface_render.go:48.42,49.58 1 1
github.com/mithro/go-netgear-switch-library/virtual/cliface_render.go:49.58,51.3 1 1
github.com/mithro/go-netgear-switch-library/virtual/cliface_render.go:52.2,52.36 1 0
github.com/mithro/go-netgear-switch-library/virtual/cliface_render.go:62.34,64.2 1 1
github.com/mithro/go-netgear-switch-library/virtual/cliface_render.go:70.44,72.14 2 1
github.com/mithro/go-netgear-switch-library/virtual/cliface_render.go:72.14,74.3 1 0
github.com/mithro/go-netgear-switch-library/virtual/cliface_render.go:75.2,75.56 1 1
github.com/mithro/go-netgear-switch-library/virtual/cliface_render.go:88.71,89.40 1 1
github.com/mithro/go-netgear-switch-library/virtual/cliface_render.go:89.40,90.18 1 1
github.com/mithro/go-netgear-switch-library/virtual/cliface_render.go:90.18,92.4 1 1
github.com/mithro/go-netgear-switch-library/virtual/cliface_render.go:93.3,93.43 1 1
github.com/mithro/go-netgear-switch-library/virtual/cliface_render.go:95.2,95.38 1 1
github.com/mithro/go-netgear-switch-library/virtual/cliface_render.go:95.38,97.28 2 1
github.com/mithro/go-netgear-switch-library/virtual/cliface_render.go:97.28,99.22 2 1
github.com/mithro/go-netgear-switch-library/virtual/cliface_render.go:99.22,101.5 1 1
github.com/mithro/go-netgear-switch-library/virtual/cliface_render.go:102.4,102.29 1 1
github.com/mithro/go-netgear-switch-library/virtual/cliface_render.go:104.3,104.34 1 1
github.com/mithro/go-netgear-switch-library/virtual/cliface_render.go:106.2,109.27 4 1
github.com/mithro/go-netgear-switch-library/virtual/cliface_render.go:109.27,111.3 1 1
github.com/mithro/go-netgear-switch-library/virtual/cliface_render.go:112.2,113.27 2 1
github.com/mithro/go-netgear-switch-library/virtual/cliface_render.go:113.27,115.3 1 1
github.com/mithro/go-netgear-switch-library/virtual/cliface_render.go:116.2,116.34 1 1
github.com/mithro/go-netgear-switch-library/virtual/cliface_render.go:124.35,126.24 2 1
github.com/mithro/go-netgear-switch-library/virtual/cliface_render.go:126.24,128.3 1 1
github.com/mithro/go-netgear-switch-library/virtual/cliface_render.go:129.2,129.33 1 1
github.com/mithro/go-netgear-switch-library/virtual/cliface_render.go:134.36,135.36 1 1
github.com/mithro/go-netgear-switch-library/virtual/cliface_render.go:135.36,137.3 1 1
github.com/mithro/go-netgear-switch-library/virtual/cliface_render.go:138.2,138.37 1 1
github.com/mithro/go-netgear-switch-library/virtual/cliface_render.go:144.42,147.17 3 1
github.com/mithro/go-netgear-switch-library/virtual/cliface_render.go:147.17,149.3 1 0
github.com/mithro/go-netgear-switch-library/virtual/cliface_render.go:150.2,151.21 2 1
github.com/mithro/go-netgear-switch-library/virtual/cliface_render.go:151.21,153.3 1 1
github.com/mithro/go-netgear-switch-library/virtual/cliface_render.go:154.2,162.10 1 1
github.com/mithro/go-netgear-switch-library/virtual/cliface_render.go:171.42,173.33 2 1
github.com/mithro/go-netgear-switch-library/virtual/cliface_render.go:173.33,175.3 1 0
github.com/mithro/go-netgear-switch-library/virtual/cliface_render.go:176.2,184.10 1 1
github.com/mithro/go-netgear-switch-library/virtual/cliface_render.go:194.40,198.34 4 1
github.com/mithro/go-netgear-switch-library/virtual/cliface_render.go:198.34,201.33 3 1
github.com/mithro/go-netgear-switch-library/virtual/cliface_render.go:201.33,203.4 1 1
github.com/mithro/go-netgear-switch-library/virtual/cliface_render.go:204.3,205.16 2 1
github.com/mithro/go-netgear-switch-library/virtual/cliface_render.go:205.16,207.4 1 1
github.com/mithro/go-netgear-switch-library/virtual/cliface_render.go:208.3,209.15 2 1
github.com/mithro/go-netgear-switch-library/virtual/cliface_render.go:209.15,211.4 1 1
github.com/mithro/go-netgear-switch-library/virtual/cliface_render.go:212.3,214.5 1 1
github.com/mithro/go-netgear-switch-library/virtual/cliface_render.go:216.2,216.40 1 1
github.com/mithro/go-netgear-switch-library/virtual/cliface_render.go:223.44,227.51 4 1
github.com/mithro/go-netgear-switch-library/virtual/cliface_render.go:227.51,229.15 2 1
github.com/mithro/go-netgear-switch-library/virtual/cliface_render.go:229.15,231.4 1 1
github.com/mithro/go-netgear-switch-library/virtual/cliface_render.go:232.3,232.83 1 1
github.com/mithro/go-netgear-switch-library/virtual/cliface_render.go:234.2,234.40 1 1
github.com/mithro/go-netgear-switch-library/virtual/cliface_render.go:243.52,247.14 4 1
github.com/mithro/go-netgear-switch-library/virtual/cliface_render.go:247.14,249.3 1 1
github.com/mithro/go-netgear-switch-library/virtual/cliface_render.go:250.2,250.17 1 1
github.com/mithro/go-netgear-switch-library/virtual/cliface_render.go:250.17,252.3 1 1
github.com/mithro/go-netgear-switch-library/virtual/cliface_render.go:253.2,262.17 5 1
github.com/mithro/go-netgear-switch-library/virtual/cliface_render.go:262.17,264.3 1 1
github.com/mithro/go-netgear-switch-library/virtual/cliface_render.go:265.2,266.34 2 1
github.com/mithro/go-netgear-switch-library/virtual/cliface_render.go:266.34,268.16 2 1
github.com/mithro/go-netgear-switch-library/virtual/cliface_render.go:268.16,271.19 3 1
github.com/mithro/go-netgear-switch-library/virtual/cliface_render.go:271.19,273.5 1 1
github.com/mithro/go-netgear-switch-library/virtual/cliface_render.go:274.9,276.4 1 1
github.com/mithro/go-netgear-switch-library/virtual/cliface_render.go:277.3,277.74 1 1
github.com/mithro/go-netgear-switch-library/virtual/cliface_render.go:279.2,279.76 1 1
github.com/mithro/go-netgear-switch-library/virtual/cliface_render.go:289.40,293.34 4 1
github.com/mithro/go-netgear-switch-library/virtual/cliface_render.go:293.34,295.36 2 1
github.com/mithro/go-netgear-switch-library/virtual/cliface_render.go:295.36,297.4 1 1
github.com/mithro/go-netgear-switch-library/virtual/cliface_render.go:298.3,299.112 2 1
github.com/mithro/go-netgear-switch-library/virtual/cliface_render.go:301.2,301.40 1 1
github.com/mithro/go-netgear-switch-library/virtual/cliface_render.go:311.43,315.33 4 1
github.com/mithro/go-netgear-switch-library/virtual/cliface_render.go:315.33,317.58 2 1
github.com/mithro/go-netgear-switch-library/virtual/cliface_render.go:317.58,319.4 1 1
github.com/mithro/go-netgear-switch-library/virtual/cliface_render.go:320.3,321.44 2 1
github.com/mithro/go-netgear-switch-library/virtual/cliface_render.go:321.44,323.4 1 1
github.com/mithro/go-netgear-switch-library/virtual/cliface_render.go:324.3,326.5 1 1
github.com/mithro/go-netgear-switch-library/virtual/cliface_render.go:328.2,328.40 1 1
github.com/mithro/go-netgear-switch-library/virtual/cliface_render.go:338.39,342.33 4 1
github.com/mithro/go-netgear-switch-library/virtual/cliface_render.go:342.33,344.22 2 1
github.com/mithro/go-netgear-switch-library/virtual/cliface_render.go:344.22,346.4 1 1
github.com/mithro/go-netgear-switch-library/virtual/cliface_render.go:347.3,347.108 1 1
github.com/mithro/go-netgear-switch-library/virtual/cliface_render.go:349.2,350.75 2 1
github.com/mithro/go-netgear-switch-library/virtual/cliface_render.go:362.44,363.32 1 1
github.com/mithro/go-netgear-switch-library/virtual/cliface_render.go:363.32,366.3 2 1
github.com/mithro/go-netgear-switch-library/virtual/cliface_render.go:367.2,367.17 1 1
github.com/mithro/go-netgear-switch-library/virtual/cliface_render.go:367.17,369.3 1 1
github.com/mithro/go-netgear-switch-library/virtual/cliface_render.go:370.2,370.22 1 1
github.com/mithro/go-netgear-switch-library/virtual/cliface_render.go:370.22,372.3 1 1
github.com/mithro/go-netgear-switch-library/virtual/cliface_render.go:373.2,373.42 1 1
github.com/mithro/go-netgear-switch-library/virtual/cliface_render.go:373.42,375.3 1 1
github.com/mithro/go-netgear-switch-library/virtual/cliface_render.go:376.2,376.20 1 1
github.com/mithro/go-netgear-switch-library/virtual/cliface_render.go:386.38,390.12 4 1
github.com/mithro/go-netgear-switch-library/virtual/cliface_render.go:390.12,393.3 2 1
github.com/mithro/go-netgear-switch-library/virtual/cliface_render.go:394.2,398.47 4 1
github.com/mithro/go-netgear-switch-library/virtual/cliface_render.go:398.47,403.13 5 1
github.com/mithro/go-netgear-switch-library/virtual/cliface_render.go:403.13,406.4 2 1
github.com/mithro/go-netgear-switch-library/virtual/cliface_render.go:407.3,408.24 2 1
github.com/mithro/go-netgear-switch-library/virtual/cliface_render.go:408.24,410.4 1 1
github.com/mithro/go-netgear-switch-library/virtual/cliface_render.go:411.3,412.24 2 1
github.com/mithro/go-netgear-switch-library/virtual/cliface_render.go:412.24,414.4 1 1
github.com/mithro/go-netgear-switch-library/virtual/cliface_render.go:415.3,418.13 2 1
github.com/mithro/go-netgear-switch-library/virtual/cliface_render.go:418.13,420.4 1 1
github.com/mithro/go-netgear-switch-library/virtual/cliface_render.go:421.3,422.27 2 1
github.com/mithro/go-netgear-switch-library/virtual/cliface_render.go:424.2,424.40 1 1
github.com/mithro/go-netgear-switch-library/virtual/cliface_render.go:435.46,437.36 2 1
github.com/mithro/go-netgear-switch-library/virtual/cliface_render.go:437.36,438.17 1 1
github.com/mithro/go-netgear-switch-library/virtual/cliface_render.go:439.22,440.28 1 1
github.com/mithro/go-netgear-switch-library/virtual/cliface_render.go:441.14,442.26 1 1
github.com/mithro/go-netgear-switch-library/virtual/cliface_render.go:443.16,444.26 1 1
github.com/mithro/go-netgear-switch-library/virtual/cliface_render.go:448.2,449.20 2 1
github.com/mithro/go-netgear-switch-library/virtual/cliface_render.go:449.20,451.3 1 1
github.com/mithro/go-netgear-switch-library/virtual/cliface_render.go:452.2,453.19 2 1
github.com/mithro/go-netgear-switch-library/virtual/cliface_render.go:453.19,455.3 1 1
github.com/mithro/go-netgear-switch-library/virtual/cliface_render.go:457.2,465.26 3 1
github.com/mithro/go-netgear-switch-library/virtual/cliface_render.go:465.26,467.3 1 1
github.com/mithro/go-netgear-switch-library/virtual/cliface_render.go:468.2,476.25 4 1
github.com/mithro/go-netgear-switch-library/virtual/cliface_render.go:476.25,478.3 1 1
github.com/mithro/go-netgear-switch-library/virtual/cliface_render.go:479.2,486.17 3 1
github.com/mithro/go-netgear-switch-library/virtual/cliface_render.go:486.17,488.3 1 1
github.com/mithro/go-netgear-switch-library/virtual/cliface_render.go:489.2,491.25 3 1
github.com/mithro/go-netgear-switch-library/virtual/cliface_render.go:491.25,493.3 1 1
github.com/mithro/go-netgear-switch-library/virtual/cliface_render.go:494.2,500.32 2 1
github.com/mithro/go-netgear-switch-library/virtual/cliface_render.go:515.60,517.32 2 1
github.com/mithro/go-netgear-switch-library/virtual/cliface_render.go:517.32,518.29 1 1
github.com/mithro/go-netgear-switch-library/virtual/cliface_render.go:518.29,520.4 1 0
github.com/mithro/go-netgear-switch-library/virtual/cliface_render.go:521.3,521.36 1 1
github.com/mithro/go-netgear-switch-library/virtual/cliface_render.go:523.2,524.16 2 1
github.com/mithro/go-netgear-switch-library/virtual/cliface_render.go:524.16,527.3 2 1
github.com/mithro/go-netgear-switch-library/virtual/cliface_render.go:528.2,536.10 1 1
github.com/mithro/go-netgear-switch-library/virtual/httpface.go:124.92,136.2 1 1
github.com/mithro/go-netgear-switch-library/virtual/httpface.go:141.50,144.23 3 1
github.com/mithro/go-netgear-switch-library/virtual/httpface.go:144.23,146.3 1 1
github.com/mithro/go-netgear-switch-library/virtual/httpface.go:148.2,149.16 2 1
github.com/mithro/go-netgear-switch-library/virtual/httpface.go:149.16,151.3 1 0
github.com/mithro/go-netgear-switch-library/virtual/httpface.go:152.2,157.12 5 1
github.com/mithro/go-netgear-switch-library/virtual/httpface.go:157.12,160.3 2 1
github.com/mithro/go-netgear-switch-library/virtual/httpface.go:162.2,163.9 2 1
github.com/mithro/go-netgear-switch-library/virtual/httpface.go:163.9,167.3 1 0
github.com/mithro/go-netgear-switch-library/virtual/httpface.go:168.2,168.26 1 1
github.com/mithro/go-netgear-switch-library/virtual/httpface.go:175.33,182.16 6 1
github.com/mithro/go-netgear-switch-library/virtual/httpface.go:182.16,184.3 1 1
github.com/mithro/go-netgear-switch-library/virtual/httpface.go:185.2,189.16 5 1
github.com/mithro/go-netgear-switch-library/virtual/httpface.go:189.16,191.3 1 0
github.com/mithro/go-netgear-switch-library/virtual/httpface.go:192.2,192.12 1 1
github.com/mithro/go-netgear-switch-library/virtual/httpface.go:207.61,214.2 1 1
github.com/mithro/go-netgear-switch-library/virtual/httpface.go:222.69,224.87 2 1
github.com/mithro/go-netgear-switch-library/virtual/httpface.go:224.87,225.14 1 1
github.com/mithro/go-netgear-switch-library/virtual/httpface.go:225.14,227.4 1 1
github.com/mithro/go-netgear-switch-library/virtual/httpface.go:229.2,229.12 1 1
github.com/mithro/go-netgear-switch-library/virtual/httpface.go:234.64,236.45 2 1
github.com/mithro/go-netgear-switch-library/virtual/httpface.go:236.45,237.14 1 1
github.com/mithro/go-netgear-switch-library/virtual/httpface.go:237.14,239.4 1 1
github.com/mithro/go-netgear-switch-library/virtual/httpface.go:241.2,241.45 1 1
github.com/mithro/go-netgear-switch-library/virtual/httpface.go:241.45,243.3 1 1
github.com/mithro/go-netgear-switch-library/virtual/httpface.go:244.2,244.12 1 1
github.com/mithro/go-netgear-switch-library/virtual/httpface.go:251.70,252.18 1 1
github.com/mithro/go-netgear-switch-library/virtual/httpface.go:253.22,254.20 1 1
github.com/mithro/go-netgear-switch-library/virtual/httpface.go:255.23,256.21 1 1
github.com/mithro/go-netgear-switch-library/virtual/httpface.go:257.10,261.43 1 1
github.com/mithro/go-netgear-switch-library/virtual/httpface.go:268.65,269.26 1 1
github.com/mithro/go-netgear-switch-library/virtual/httpface.go:269.26,271.3 1 1
github.com/mithro/go-netgear-switch-library/virtual/httpface.go:272.2,272.35 1 1
github.com/mithro/go-netgear-switch-library/virtual/httpface.go:272.35,274.3 1 1
github.com/mithro/go-netgear-switch-library/virtual/httpface.go:275.2,275.29 1 1
github.com/mithro/go-netgear-switch-library/virtual/httpface.go:275.29,277.3 1 1
github.com/mithro/go-netgear-switch-library/virtual/httpface.go:278.2,278.13 1 1
github.com/mithro/go-netgear-switch-library/virtual/httpface.go:283.90,285.16 2 1
github.com/mithro/go-netgear-switch-library/virtual/httpface.go:285.16,287.3 1 1
github.com/mithro/go-netgear-switch-library/virtual/httpface.go:288.2,291.22 4 1
github.com/mithro/go-netgear-switch-library/virtual/httpface.go:294.70,296.28 2 1
github.com/mithro/go-netgear-switch-library/virtual/httpface.go:296.28,299.3 2 1
github.com/mithro/go-netgear-switch-library/virtual/httpface.go:300.2,300.55 1 1
github.com/mithro/go-netgear-switch-library/virtual/httpface.go:300.55,303.3 2 1
github.com/mithro/go-netgear-switch-library/virtual/httpface.go:304.2,304.30 1 1
github.com/mithro/go-netgear-switch-library/virtual/httpface.go:304.30,307.3 2 1
github.com/mithro/go-netgear-switch-library/virtual/httpface.go:308.2,308.20 1 1
github.com/mithro/go-netgear-switch-library/virtual/httpface.go:308.20,311.3 2 1
github.com/mithro/go-netgear-switch-library/virtual/httpface.go:312.2,315.18 4 1
github.com/mithro/go-netgear-switch-library/virtual/httpface.go:315.18,321.3 2 0
github.com/mithro/go-netgear-switch-library/virtual/httpface.go:322.2,322.39 1 1
github.com/mithro/go-netgear-switch-library/virtual/httpface.go:325.71,327.27 2 1
github.com/mithro/go-netgear-switch-library/virtual/httpface.go:327.27,330.3 2 1
github.com/mithro/go-netgear-switch-library/virtual/httpface.go:331.2,331.55 1 1
github.com/mithro/go-netgear-switch-library/virtual/httpface.go:331.55,336.3 2 1
github.com/mithro/go-netgear-switch-library/virtual/httpface.go:338.2,345.92 3 1
github.com/mithro/go-netgear-switch-library/virtual/httpface.go:345.92,349.3 3 1
github.com/mithro/go-netgear-switch-library/virtual/httpface.go:351.2,353.25 3 1
github.com/mithro/go-netgear-switch-library/virtual/httpface.go:353.25,355.3 1 1
github.com/mithro/go-netgear-switch-library/virtual/httpface.go:356.2,356.27 1 1
github.com/mithro/go-netgear-switch-library/virtual/httpface.go:356.27,358.37 2 1
github.com/mithro/go-netgear-switch-library/virtual/httpface.go:358.37,360.10 2 1
github.com/mithro/go-netgear-switch-library/virtual/httpface.go:360.10,362.5 1 1
github.com/mithro/go-netgear-switch-library/virtual/httpface.go:363.4,364.10 2 1
github.com/mithro/go-netgear-switch-library/virtual/httpface.go:366.3,367.9 2 1
github.com/mithro/go-netgear-switch-library/virtual/httpface.go:367.9,369.4 1 1
github.com/mithro/go-netgear-switch-library/virtual/httpface.go:370.3,371.9 2 1
github.com/mithro/go-netgear-switch-library/virtual/httpface.go:374.2,374.20 1 1
github.com/mithro/go-netgear-switch-library/virtual/httpface.go:374.20,377.3 2 0
github.com/mithro/go-netgear-switch-library/virtual/httpface.go:378.2,381.18 4 1
github.com/mithro/go-netgear-switch-library/virtual/httpface.go:381.18,386.3 2 0
github.com/mithro/go-netgear-switch-library/virtual/httpface.go:387.2,387.39 1 1
github.com/mithro/go-netgear-switch-library/virtual/httpface.go:397.54,399.16 2 1
github.com/mithro/go-netgear-switch-library/virtual/httpface.go:399.16,401.3 1 0
github.com/mithro/go-netgear-switch-library/virtual/httpface.go:402.2,403.27 2 1
github.com/mithro/go-netgear-switch-library/virtual/httpface.go:403.27,404.17 1 1
github.com/mithro/go-netgear-switch-library/virtual/httpface.go:404.17,406.4 1 1
github.com/mithro/go-netgear-switch-library/virtual/httpface.go:408.2,408.12 1 1
github.com/mithro/go-netgear-switch-library/virtual/httpface.go:424.41,425.36 1 1
github.com/mithro/go-netgear-switch-library/virtual/httpface.go:425.36,427.3 1 1
github.com/mithro/go-netgear-switch-library/virtual/httpface.go:428.2,428.39 1 1
github.com/mithro/go-netgear-switch-library/virtual/httpface.go:434.49,441.2 1 1
github.com/mithro/go-netgear-switch-library/virtual/httpface.go:447.56,449.2 1 1
github.com/mithro/go-netgear-switch-library/virtual/httpface.go:455.65,458.23 3 1
github.com/mithro/go-netgear-switch-library/virtual/httpface.go:459.64,466.33 2 1
github.com/mithro/go-netgear-switch-library/virtual/httpface.go:466.33,468.4 1 1
github.com/mithro/go-netgear-switch-library/virtual/httpface.go:469.10,470.58 1 1
github.com/mithro/go-netgear-switch-library/virtual/httpface.go:472.2,472.8 1 1
github.com/mithro/go-netgear-switch-library/virtual/httpface.go:472.8,474.3 1 1
github.com/mithro/go-netgear-switch-library/virtual/httpface.go:475.2,475.23 1 1
github.com/mithro/go-netgear-switch-library/virtual/httpface.go:496.71,500.21 3 1
github.com/mithro/go-netgear-switch-library/virtual/httpface.go:500.21,503.3 2 1
github.com/mithro/go-netgear-switch-library/virtual/httpface.go:504.2,504.94 1 1
github.com/mithro/go-netgear-switch-library/virtual/httpface.go:504.94,508.9 4 1
github.com/mithro/go-netgear-switch-library/virtual/httpface.go:508.9,510.4 1 1
github.com/mithro/go-netgear-switch-library/virtual/httpface.go:511.3,515.9 4 1
github.com/mithro/go-netgear-switch-library/virtual/httpface.go:515.9,517.4 1 1
github.com/mithro/go-netgear-switch-library/virtual/httpface.go:518.3,521.9 4 1
github.com/mithro/go-netgear-switch-library/virtual/httpface.go:524.2,525.20 2 1
github.com/mithro/go-netgear-switch-library/virtual/httpface.go:525.20,527.3 1 1
github.com/mithro/go-netgear-switch-library/virtual/httpface.go:528.2,528.39 1 1
github.com/mithro/go-netgear-switch-library/virtual/httpface.go:528.39,529.72 1 1
github.com/mithro/go-netgear-switch-library/virtual/httpface.go:529.72,532.4 2 1
github.com/mithro/go-netgear-switch-library/virtual/httpface.go:533.3,536.10 4 1
github.com/mithro/go-netgear-switch-library/virtual/httpface.go:536.10,539.4 2 0
github.com/mithro/go-netgear-switch-library/virtual/httpface.go:540.3,541.9 2 1
github.com/mithro/go-netgear-switch-library/virtual/httpface.go:543.2,543.53 1 0
github.com/mithro/go-netgear-switch-library/virtual/httpface.go:550.72,552.71 2 1
github.com/mithro/go-netgear-switch-library/virtual/httpface.go:552.71,555.3 2 1
github.com/mithro/go-netgear-switch-library/virtual/httpface.go:556.2,556.42 1 1
github.com/mithro/go-netgear-switch-library/virtual/httpface.go:556.42,559.3 2 0
github.com/mithro/go-netgear-switch-library/virtual/httpface.go:560.2,568.22 9 1
github.com/mithro/go-netgear-switch-library/virtual/httpface.go:573.61,577.2 3 1
github.com/mithro/go-netgear-switch-library/virtual/httpface.go:612.66,613.85 1 1
github.com/mithro/go-netgear-switch-library/virtual/httpface.go:613.85,615.3 1 1
github.com/mithro/go-netgear-switch-library/virtual/httpface.go:616.2,617.61 2 1
github.com/mithro/go-netgear-switch-library/virtual/httpface.go:617.61,619.3 1 0
github.com/mithro/go-netgear-switch-library/virtual/httpface.go:620.2,622.29 3 1
github.com/mithro/go-netgear-switch-library/virtual/httpface.go:622.29,624.3 1 0
github.com/mithro/go-netgear-switch-library/virtual/httpface.go:625.2,626.37 2 1
github.com/mithro/go-netgear-switch-library/virtual/httpface.go:631.61,637.2 3 1
github.com/mithro/go-netgear-switch-library/virtual/httpface.go:650.83,652.44 2 1
github.com/mithro/go-netgear-switch-library/virtual/httpface.go:652.44,654.3 1 0
github.com/mithro/go-netgear-switch-library/virtual/httpface.go:655.2,656.16 2 1
github.com/mithro/go-netgear-switch-library/virtual/httpface.go:656.16,658.3 1 0
github.com/mithro/go-netgear-switch-library/virtual/httpface.go:660.2,663.21 4 1
github.com/mithro/go-netgear-switch-library/virtual/httpface.go:663.21,664.52 1 1
github.com/mithro/go-netgear-switch-library/virtual/httpface.go:664.52,665.48 1 1
github.com/mithro/go-netgear-switch-library/virtual/httpface.go:665.48,669.5 3 1
github.com/mithro/go-netgear-switch-library/virtual/httpface.go:672.2,672.34 1 1
github.com/mithro/go-netgear-switch-library/virtual/httpface.go:672.34,674.3 1 0
github.com/mithro/go-netgear-switch-library/virtual/httpface.go:676.2,677.45 2 1
github.com/mithro/go-netgear-switch-library/virtual/httpface.go:677.45,678.34 1 1
github.com/mithro/go-netgear-switch-library/virtual/httpface.go:678.34,680.4 1 1
github.com/mithro/go-netgear-switch-library/virtual/httpface.go:682.2,682.22 1 1
github.com/mithro/go-netgear-switch-library/virtual/httpface.go:682.22,685.3 2 1
github.com/mithro/go-netgear-switch-library/virtual/httpface.go:687.2,694.45 4 1
github.com/mithro/go-netgear-switch-library/virtual/httpface.go:730.104,731.58 1 1
github.com/mithro/go-netgear-switch-library/virtual/httpface.go:731.58,733.3 1 1
github.com/mithro/go-netgear-switch-library/virtual/httpface.go:734.2,734.57 1 1
github.com/mithro/go-netgear-switch-library/virtual/httpface.go:734.57,736.3 1 1
github.com/mithro/go-netgear-switch-library/virtual/httpface.go:737.2,737.36 1 1
github.com/mithro/go-netgear-switch-library/virtual/httpface.go:737.36,739.3 1 1
github.com/mithro/go-netgear-switch-library/virtual/httpface.go:740.2,740.52 1 1
github.com/mithro/go-netgear-switch-library/virtual/httpface.go:740.52,741.54 1 1
github.com/mithro/go-netgear-switch-library/virtual/httpface.go:741.54,743.4 1 1
github.com/mithro/go-netgear-switch-library/virtual/httpface.go:745.2,745.50 1 1
github.com/mithro/go-netgear-switch-library/virtual/httpface.go:745.50,746.46 1 1
github.com/mithro/go-netgear-switch-library/virtual/httpface.go:746.46,748.4 1 1
github.com/mithro/go-netgear-switch-library/virtual/httpface.go:750.2,750.50 1 1
github.com/mithro/go-netgear-switch-library/virtual/httpface.go:750.50,751.46 1 1
github.com/mithro/go-netgear-switch-library/virtual/httpface.go:751.46,753.4 1 1
github.com/mithro/go-netgear-switch-library/virtual/httpface.go:755.2,755.55 1 1
github.com/mithro/go-netgear-switch-library/virtual/httpface.go:755.55,756.43 1 1
github.com/mithro/go-netgear-switch-library/virtual/httpface.go:756.43,758.4 1 1
github.com/mithro/go-netgear-switch-library/virtual/httpface.go:760.2,760.53 1 1
github.com/mithro/go-netgear-switch-library/virtual/httpface.go:760.53,762.3 1 1
github.com/mithro/go-netgear-switch-library/virtual/httpface.go:763.2,763.18 1 0
github.com/mithro/go-netgear-switch-library/virtual/httpface.go:774.112,775.58 1 1
github.com/mithro/go-netgear-switch-library/virtual/httpface.go:775.58,777.3 1 1
github.com/mithro/go-netgear-switch-library/virtual/httpface.go:778.2,778.57 1 1
github.com/mithro/go-netgear-switch-library/virtual/httpface.go:778.57,780.3 1 1
github.com/mithro/go-netgear-switch-library/virtual/httpface.go:781.2,781.36 1 1
github.com/mithro/go-netgear-switch-library/virtual/httpface.go:781.36,783.3 1 1
github.com/mithro/go-netgear-switch-library/virtual/httpface.go:784.2,784.52 1 1
github.com/mithro/go-netgear-switch-library/virtual/httpface.go:784.52,795.54 1 1
github.com/mithro/go-netgear-switch-library/virtual/httpface.go:795.54,797.4 1 1
github.com/mithro/go-netgear-switch-library/virtual/httpface.go:799.2,799.50 1 1
github.com/mithro/go-netgear-switch-library/virtual/httpface.go:799.50,800.46 1 0
github.com/mithro/go-netgear-switch-library/virtual/httpface.go:800.46,802.4 1 0
github.com/mithro/go-netgear-switch-library/virtual/httpface.go:804.2,804.50 1 1
github.com/mithro/go-netgear-switch-library/virtual/httpface.go:804.50,805.46 1 0
github.com/mithro/go-netgear-switch-library/virtual/httpface.go:805.46,807.4 1 0
github.com/mithro/go-netgear-switch-library/virtual/httpface.go:809.2,809.55 1 1
github.com/mithro/go-netgear-switch-library/virtual/httpface.go:809.55,810.43 1 0
github.com/mithro/go-netgear-switch-library/virtual/httpface.go:810.43,812.4 1 0
github.com/mithro/go-netgear-switch-library/virtual/httpface.go:814.2,814.53 1 1
github.com/mithro/go-netgear-switch-library/virtual/httpface.go:814.53,817.3 2 1
github.com/mithro/go-netgear-switch-library/virtual/httpface.go:818.2,818.18 1 0
github.com/mithro/go-netgear-switch-library/virtual/httpface.go:828.95,829.80 1 1
github.com/mithro/go-netgear-switch-library/virtual/httpface.go:829.80,831.3 1 1
github.com/mithro/go-netgear-switch-library/virtual/httpface.go:832.2,832.39 1 1
github.com/mithro/go-netgear-switch-library/virtual/httpface.go:832.39,837.3 1 1
github.com/mithro/go-netgear-switch-library/virtual/httpface.go:841.2,843.74 3 1
github.com/mithro/go-netgear-switch-library/virtual/httpface.go:859.94,861.63 2 1
github.com/mithro/go-netgear-switch-library/virtual/httpface.go:861.63,863.3 1 1
github.com/mithro/go-netgear-switch-library/virtual/httpface.go:864.2,864.108 1 1
github.com/mithro/go-netgear-switch-library/virtual/httpface.go:864.108,866.3 1 1
github.com/mithro/go-netgear-switch-library/virtual/httpface.go:867.2,868.118 2 1
github.com/mithro/go-netgear-switch-library/virtual/httpface.go:868.118,870.3 1 1
github.com/mithro/go-netgear-switch-library/virtual/httpface.go:871.2,871.35 1 1
github.com/mithro/go-netgear-switch-library/virtual/httpface.go:871.35,872.33 1 1
github.com/mithro/go-netgear-switch-library/virtual/httpface.go:872.33,874.4 1 0
github.com/mithro/go-netgear-switch-library/virtual/httpface.go:875.3,876.61 2 1
github.com/mithro/go-netgear-switch-library/virtual/httpface.go:878.2,878.39 1 1
github.com/mithro/go-netgear-switch-library/virtual/httpface.go:878.39,879.18 1 1
github.com/mithro/go-netgear-switch-library/virtual/httpface.go:880.31,882.50 2 1
github.com/mithro/go-netgear-switch-library/virtual/httpface.go:883.31,885.50 2 1
github.com/mithro/go-netgear-switch-library/virtual/httpface.go:886.11,888.47 2 1
github.com/mithro/go-netgear-switch-library/virtual/httpface.go:892.2,892.17 1 1
github.com/mithro/go-netgear-switch-library/virtual/httpface.go:893.30,895.47 2 1
github.com/mithro/go-netgear-switch-library/virtual/httpface.go:896.30,898.47 2 1
github.com/mithro/go-netgear-switch-library/virtual/httpface.go:899.10,901.44 2 1
github.com/mithro/go-netgear-switch-library/virtual/httpface.go:908.64,910.9 2 1
github.com/mithro/go-netgear-switch-library/virtual/httpface.go:911.34,912.45 1 0
github.com/mithro/go-netgear-switch-library/virtual/httpface.go:913.30,914.50 1 1
github.com/mithro/go-netgear-switch-library/virtual/httpface.go:915.29,916.41 1 1
github.com/mithro/go-netgear-switch-library/virtual/httpface.go:917.35,918.41 1 1
github.com/mithro/go-netgear-switch-library/virtual/httpface.go:919.33,920.44 1 1
github.com/mithro/go-netgear-switch-library/virtual/httpface.go:921.32,922.43 1 1
github.com/mithro/go-netgear-switch-library/virtual/httpface.go:923.52,926.37 1 1
github.com/mithro/go-netgear-switch-library/virtual/httpface.go:927.62,939.118 1 0
github.com/mithro/go-netgear-switch-library/virtual/httpface.go:940.10,941.19 1 0
github.com/mithro/go-netgear-switch-library/virtual/httpface.go:951.64,953.14 2 1
github.com/mithro/go-netgear-switch-library/virtual/httpface.go:954.26,955.45 1 0
github.com/mithro/go-netgear-switch-library/virtual/httpface.go:956.22,957.47 1 1
github.com/mithro/go-netgear-switch-library/virtual/httpface.go:958.21,959.38 1 1
github.com/mithro/go-netgear-switch-library/virtual/httpface.go:960.27,961.41 1 1
github.com/mithro/go-netgear-switch-library/virtual/httpface.go:962.25,963.44 1 1
github.com/mithro/go-netgear-switch-library/virtual/httpface.go:964.26,965.43 1 0
github.com/mithro/go-netgear-switch-library/virtual/httpface.go:966.21,967.37 1 0
github.com/mithro/go-netgear-switch-library/virtual/httpface.go:968.24,969.43 1 1
github.com/mithro/go-netgear-switch-library/virtual/httpface.go:970.10,971.19 1 0
github.com/mithro/go-netgear-switch-library/virtual/httpface.go:978.61,980.14 2 1
github.com/mithro/go-netgear-switch-library/virtual/httpface.go:981.26,982.42 1 0
github.com/mithro/go-netgear-switch-library/virtual/httpface.go:983.22,984.47 1 1
github.com/mithro/go-netgear-switch-library/virtual/httpface.go:985.21,986.38 1 1
github.com/mithro/go-netgear-switch-library/virtual/httpface.go:987.27,988.38 1 1
github.com/mithro/go-netgear-switch-library/virtual/httpface.go:989.25,990.41 1 1
github.com/mithro/go-netgear-switch-library/virtual/httpface.go:991.26,992.40 1 0
github.com/mithro/go-netgear-switch-library/virtual/httpface.go:993.21,994.37 1 1
github.com/mithro/go-netgear-switch-library/virtual/httpface.go:995.24,996.40 1 1
github.com/mithro/go-netgear-switch-library/virtual/httpface.go:997.10,998.19 1 0
github.com/mithro/go-netgear-switch-library/virtual/httpface.go:1010.83,1012.14 2 1
github.com/mithro/go-netgear-switch-library/virtual/httpface.go:1013.24,1014.49 1 1
github.com/mithro/go-netgear-switch-library/virtual/httpface.go:1015.22,1016.56 1 1
github.com/mithro/go-netgear-switch-library/virtual/httpface.go:1017.26,1022.32 1 1
github.com/mithro/go-netgear-switch-library/virtual/httpface.go:1022.32,1024.4 1 1
github.com/mithro/go-netgear-switch-library/virtual/httpface.go:1025.3,1025.54 1 1
github.com/mithro/go-netgear-switch-library/virtual/httpface.go:1026.21,1027.46 1 1
github.com/mithro/go-netgear-switch-library/virtual/httpface.go:1028.27,1029.49 1 1
github.com/mithro/go-netgear-switch-library/virtual/httpface.go:1030.31,1032.17 2 1
github.com/mithro/go-netgear-switch-library/virtual/httpface.go:1032.17,1034.4 1 0
github.com/mithro/go-netgear-switch-library/virtual/httpface.go:1035.3,1035.61 1 1
github.com/mithro/go-netgear-switch-library/virtual/httpface.go:1036.10,1037.22 1 0
github.com/mithro/go-netgear-switch-library/virtual/httpface.go:1057.90,1059.14 2 1
github.com/mithro/go-netgear-switch-library/virtual/httpface.go:1060.26,1061.44 1 1
github.com/mithro/go-netgear-switch-library/virtual/httpface.go:1062.22,1063.52 1 1
github.com/mithro/go-netgear-switch-library/virtual/httpface.go:1064.21,1065.42 1 1
github.com/mithro/go-netgear-switch-library/virtual/httpface.go:1066.27,1067.48 1 1
github.com/mithro/go-netgear-switch-library/virtual/httpface.go:1068.24,1069.48 1 1
github.com/mithro/go-netgear-switch-library/virtual/httpface.go:1070.31,1072.29 2 1
github.com/mithro/go-netgear-switch-library/virtual/httpface.go:1072.29,1074.4 1 1
github.com/mithro/go-netgear-switch-library/virtual/httpface.go:1075.3,1075.57 1 1
github.com/mithro/go-netgear-switch-library/virtual/httpface.go:1076.10,1077.19 1 0
github.com/mithro/go-netgear-switch-library/virtual/httpface.go:1084.51,1086.20 2 1
github.com/mithro/go-netgear-switch-library/virtual/httpface.go:1086.20,1088.3 1 0
github.com/mithro/go-netgear-switch-library/virtual/httpface.go:1089.2,1089.16 1 1
github.com/mithro/go-netgear-switch-library/virtual/httpface.go:1095.25,1097.2 1 1
github.com/mithro/go-netgear-switch-library/virtual/httpface.go:1110.83,1112.14 2 1
github.com/mithro/go-netgear-switch-library/virtual/httpface.go:1113.26,1114.29 1 1
github.com/mithro/go-netgear-switch-library/virtual/httpface.go:1115.22,1116.25 1 1
github.com/mithro/go-netgear-switch-library/virtual/httpface.go:1117.26,1118.29 1 1
github.com/mithro/go-netgear-switch-library/virtual/httpface.go:1119.21,1120.24 1 1
github.com/mithro/go-netgear-switch-library/virtual/httpface.go:1121.27,1122.30 1 1
github.com/mithro/go-netgear-switch-library/virtual/httpface.go:1123.31,1125.29 2 1
github.com/mithro/go-netgear-switch-library/virtual/httpface.go:1125.29,1127.4 1 0
github.com/mithro/go-netgear-switch-library/virtual/httpface.go:1128.3,1128.33 1 1
github.com/mithro/go-netgear-switch-library/virtual/httpface.go:1129.26,1130.57 1 1
github.com/mithro/go-netgear-switch-library/virtual/httpface.go:1131.10,1132.59 1 0
github.com/mithro/go-netgear-switch-library/virtual/httpface.go:1136.45,1141.49 5 1
github.com/mithro/go-netgear-switch-library/virtual/httpface.go:1141.49,1144.15 3 1
github.com/mithro/go-netgear-switch-library/virtual/httpface.go:1144.15,1146.4 1 1
github.com/mithro/go-netgear-switch-library/virtual/httpface.go:1147.3,1148.16 2 1
github.com/mithro/go-netgear-switch-library/virtual/httpface.go:1148.16,1150.4 1 1
github.com/mithro/go-netgear-switch-library/virtual/httpface.go:1151.3,1152.37 1 1
github.com/mithro/go-netgear-switch-library/virtual/httpface.go:1154.2,1155.19 2 1
github.com/mithro/go-netgear-switch-library/virtual/httpface.go:1158.41,1161.49 3 1
github.com/mithro/go-netgear-switch-library/virtual/httpface.go:1161.49,1165.3 2 1
github.com/mithro/go-netgear-switch-library/virtual/httpface.go:1166.2,1167.19 2 1
github.com/mithro/go-netgear-switch-library/virtual/httpface.go:1173.45,1178.47 5 1
github.com/mithro/go-netgear-switch-library/virtual/httpface.go:1178.47,1181.16 3 1
github.com/mithro/go-netgear-switch-library/virtual/httpface.go:1181.16,1182.54 1 1
github.com/mithro/go-netgear-switch-library/virtual/httpface.go:1182.54,1184.5 1 1
github.com/mithro/go-netgear-switch-library/virtual/httpface.go:1186.3,1186.103 1 1
github.com/mithro/go-netgear-switch-library/virtual/httpface.go:1188.2,1189.19 2 1
github.com/mithro/go-netgear-switch-library/virtual/httpface.go:1192.40,1197.49 5 1
github.com/mithro/go-netgear-switch-library/virtual/httpface.go:1197.49,1199.10 2 1
github.com/mithro/go-netgear-switch-library/virtual/httpface.go:1199.10,1201.4 1 0
github.com/mithro/go-netgear-switch-library/virtual/httpface.go:1202.3,1204.17 1 1
github.com/mithro/go-netgear-switch-library/virtual/httpface.go:1206.2,1207.19 2 1
github.com/mithro/go-netgear-switch-library/virtual/httpface.go:1210.46,1214.51 4 1
github.com/mithro/go-netgear-switch-library/virtual/httpface.go:1214.51,1216.3 1 1
github.com/mithro/go-netgear-switch-library/virtual/httpface.go:1217.2,1218.19 2 1
github.com/mithro/go-netgear-switch-library/virtual/httpface.go:1221.53,1225.27 4 1
github.com/mithro/go-netgear-switch-library/virtual/httpface.go:1225.27,1227.10 2 1
github.com/mithro/go-netgear-switch-library/virtual/httpface.go:1228.39,1229.18 1 1
github.com/mithro/go-netgear-switch-library/virtual/httpface.go:1230.25,1231.18 1 1
github.com/mithro/go-netgear-switch-library/virtual/httpface.go:1232.11,1233.18 1 1
github.com/mithro/go-netgear-switch-library/virtual/httpface.go:1236.2,1237.49 2 1
github.com/mithro/go-netgear-switch-library/virtual/httpface.go:1237.49,1239.15 2 1
github.com/mithro/go-netgear-switch-library/virtual/httpface.go:1239.15,1241.4 1 1
github.com/mithro/go-netgear-switch-library/virtual/httpface.go:1242.3,1242.78 1 1
github.com/mithro/go-netgear-switch-library/virtual/httpface.go:1244.2,1246.45 1 1
github.com/mithro/go-netgear-switch-library/virtual/httpface.go:1258.75,1260.70 2 1
github.com/mithro/go-netgear-switch-library/virtual/httpface.go:1260.70,1262.3 1 1
github.com/mithro/go-netgear-switch-library/virtual/httpface.go:1262.8,1262.34 1 1
github.com/mithro/go-netgear-switch-library/virtual/httpface.go:1262.34,1264.3 1 1
github.com/mithro/go-netgear-switch-library/virtual/httpface.go:1264.8,1264.60 1 1
github.com/mithro/go-netgear-switch-library/virtual/httpface.go:1264.60,1266.3 1 1
github.com/mithro/go-netgear-switch-library/virtual/httpface.go:1266.8,1266.40 1 1
github.com/mithro/go-netgear-switch-library/virtual/httpface.go:1266.40,1268.3 1 1
github.com/mithro/go-netgear-switch-library/virtual/httpface.go:1271.53,1272.24 1 1
github.com/mithro/go-netgear-switch-library/virtual/httpface.go:1273.15,1275.10 2 1
github.com/mithro/go-netgear-switch-library/virtual/httpface.go:1275.10,1277.4 1 0
github.com/mithro/go-netgear-switch-library/virtual/httpface.go:1278.3,1279.17 2 1
github.com/mithro/go-netgear-switch-library/virtual/httpface.go:1279.17,1281.4 1 0
github.com/mithro/go-netgear-switch-library/virtual/httpface.go:1282.3,1283.14 2 1
github.com/mithro/go-netgear-switch-library/virtual/httpface.go:1283.14,1285.4 1 0
github.com/mithro/go-netgear-switch-library/virtual/httpface.go:1286.3,1288.9 3 1
github.com/mithro/go-netgear-switch-library/virtual/httpface.go:1288.9,1290.4 1 0
github.com/mithro/go-netgear-switch-library/virtual/httpface.go:1290.9,1292.4 1 1
github.com/mithro/go-netgear-switch-library/virtual/httpface.go:1293.15,1294.25 1 0
github.com/mithro/go-netgear-switch-library/virtual/httpface.go:1294.25,1296.16 2 0
github.com/mithro/go-netgear-switch-library/virtual/httpface.go:1296.16,1297.13 1 0
github.com/mithro/go-netgear-switch-library/virtual/httpface.go:1299.4,1300.18 2 0
github.com/mithro/go-netgear-switch-library/virtual/httpface.go:1300.18,1301.13 1 0
github.com/mithro/go-netgear-switch-library/virtual/httpface.go:1303.4,1303.47 1 0
github.com/mithro/go-netgear-switch-library/virtual/httpface.go:1303.47,1304.18 1 0
github.com/mithro/go-netgear-switch-library/virtual/httpface.go:1304.18,1306.6 1 0
github.com/mithro/go-netgear-switch-library/virtual/httpface.go:1306.11,1308.6 1 0
github.com/mithro/go-netgear-switch-library/virtual/httpface.go:1314.54,1316.29 2 1
github.com/mithro/go-netgear-switch-library/virtual/httpface.go:1316.29,1318.3 1 0
github.com/mithro/go-netgear-switch-library/virtual/httpface.go:1319.2,1319.24 1 1
github.com/mithro/go-netgear-switch-library/virtual/httpface.go:1319.24,1321.15 2 1
github.com/mithro/go-netgear-switch-library/virtual/httpface.go:1321.15,1322.12 1 1
github.com/mithro/go-netgear-switch-library/virtual/httpface.go:1324.3,1325.17 2 1
github.com/mithro/go-netgear-switch-library/virtual/httpface.go:1325.17,1326.12 1 0
github.com/mithro/go-netgear-switch-library/virtual/httpface.go:1328.3,1328.28 1 1
github.com/mithro/go-netgear-switch-library/virtual/httpface.go:1332.60,1334.16 2 1
github.com/mithro/go-netgear-switch-library/virtual/httpface.go:1334.16,1336.3 1 0
github.com/mithro/go-netgear-switch-library/virtual/httpface.go:1337.2,1338.13 2 1
github.com/mithro/go-netgear-switch-library/virtual/httpface.go:1338.13,1340.3 1 0
github.com/mithro/go-netgear-switch-library/virtual/httpface.go:1341.2,1344.35 4 1
github.com/mithro/go-netgear-switch-library/virtual/httpface.go:1344.35,1346.20 2 1
github.com/mithro/go-netgear-switch-library/virtual/httpface.go:1347.12,1349.25 2 1
github.com/mithro/go-netgear-switch-library/virtual/httpface.go:1350.12,1351.23 1 1
github.com/mithro/go-netgear-switch-library/virtual/httpface.go:1354.2,1355.26 2 1
github.com/mithro/go-netgear-switch-library/virtual/httpface.go:1358.60,1359.24 1 1
github.com/mithro/go-netgear-switch-library/virtual/httpface.go:1360.13,1362.10 2 1
github.com/mithro/go-netgear-switch-library/virtual/httpface.go:1362.10,1364.4 1 0
github.com/mithro/go-netgear-switch-library/virtual/httpface.go:1365.3,1366.17 2 1
github.com/mithro/go-netgear-switch-library/virtual/httpface.go:1366.17,1368.4 1 0
github.com/mithro/go-netgear-switch-library/virtual/httpface.go:1369.3,1369.47 1 1
github.com/mithro/go-netgear-switch-library/virtual/httpface.go:1369.47,1371.4 1 1
github.com/mithro/go-netgear-switch-library/virtual/httpface.go:1372.16,1373.30 1 1
github.com/mithro/go-netgear-switch-library/virtual/httpface.go:1373.30,1374.45 1 1
github.com/mithro/go-netgear-switch-library/virtual/httpface.go:1374.45,1375.13 1 1
github.com/mithro/go-netgear-switch-library/virtual/httpface.go:1377.4,1377.49 1 1
github.com/mithro/go-netgear-switch-library/virtual/httpface.go:1377.49,1379.5 1 1
github.com/mithro/go-netgear-switch-library/virtual/mibview.go:41.40,45.2 3 1
github.com/mithro/go-netgear-switch-library/virtual/mibview.go:53.42,55.15 2 1
github.com/mithro/go-netgear-switch-library/virtual/mibview.go:55.15,57.3 1 0
github.com/mithro/go-netgear-switch-library/virtual/mibview.go:58.2,60.26 3 1
github.com/mithro/go-netgear-switch-library/virtual/mibview.go:60.26,62.17 2 1
github.com/mithro/go-netgear-switch-library/virtual/mibview.go:62.17,64.4 1 0
github.com/mithro/go-netgear-switch-library/virtual/mibview.go:65.3,65.13 1 1
github.com/mithro/go-netgear-switch-library/virtual/mibview.go:67.2,67.18 1 1
github.com/mithro/go-netgear-switch-library/virtual/mibview.go:72.34,74.24 2 1
github.com/mithro/go-netgear-switch-library/virtual/mibview.go:74.24,76.3 1 1
github.com/mithro/go-netgear-switch-library/virtual/mibview.go:77.2,77.33 1 1
github.com/mithro/go-netgear-switch-library/virtual/mibview.go:86.29,89.24 3 1
github.com/mithro/go-netgear-switch-library/virtual/mibview.go:89.24,91.10 2 1
github.com/mithro/go-netgear-switch-library/virtual/mibview.go:91.10,92.97 1 0
github.com/mithro/go-netgear-switch-library/virtual/mibview.go:94.3,94.84 1 1
github.com/mithro/go-netgear-switch-library/virtual/mibview.go:96.2,96.52 1 1
github.com/mithro/go-netgear-switch-library/virtual/mibview.go:96.52,96.91 1 1
github.com/mithro/go-netgear-switch-library/virtual/mibview.go:97.2,97.21 1 1
github.com/mithro/go-netgear-switch-library/virtual/mibview.go:106.49,107.85 1 1
github.com/mithro/go-netgear-switch-library/virtual/mibview.go:107.85,109.3 1 1
github.com/mithro/go-netgear-switch-library/virtual/mibview.go:117.62,119.12 2 1
github.com/mithro/go-netgear-switch-library/virtual/mibview.go:119.12,121.3 1 1
github.com/mithro/go-netgear-switch-library/virtual/mibview.go:122.2,122.28 1 1
github.com/mithro/go-netgear-switch-library/virtual/mibview.go:129.66,131.11 2 1
github.com/mithro/go-netgear-switch-library/virtual/mibview.go:131.11,133.3 1 1
github.com/mithro/go-netgear-switch-library/virtual/mibview.go:134.2,134.25 1 1
github.com/mithro/go-netgear-switch-library/virtual/mibview.go:134.25,136.3 1 1
github.com/mithro/go-netgear-switch-library/virtual/mibview.go:137.2,137.28 1 1
github.com/mithro/go-netgear-switch-library/virtual/mibview.go:142.53,145.2 2 1
github.com/mithro/go-netgear-switch-library/virtual/mibview.go:153.64,155.2 1 1
github.com/mithro/go-netgear-switch-library/virtual/mibview.go:159.42,161.2 1 1
github.com/mithro/go-netgear-switch-library/virtual/mibview.go:169.49,171.2 1 1
github.com/mithro/go-netgear-switch-library/virtual/mibview.go:174.50,176.2 1 1
github.com/mithro/go-netgear-switch-library/virtual/mibview.go:184.49,186.2 1 1
github.com/mithro/go-netgear-switch-library/virtual/nsdpface.go:48.55,50.2 1 1
github.com/mithro/go-netgear-switch-library/virtual/nsdpface.go:55.50,58.19 3 1
github.com/mithro/go-netgear-switch-library/virtual/nsdpface.go:58.19,60.3 1 0
github.com/mithro/go-netgear-switch-library/virtual/nsdpface.go:62.2,63.16 2 1
github.com/mithro/go-netgear-switch-library/virtual/nsdpface.go:63.16,65.3 1 0
github.com/mithro/go-netgear-switch-library/virtual/nsdpface.go:66.2,72.9 5 1
github.com/mithro/go-netgear-switch-library/virtual/nsdpface.go:72.9,76.3 1 0
github.com/mithro/go-netgear-switch-library/virtual/nsdpface.go:77.2,77.26 1 1
github.com/mithro/go-netgear-switch-library/virtual/nsdpface.go:82.33,88.17 5 1
github.com/mithro/go-netgear-switch-library/virtual/nsdpface.go:88.17,90.3 1 1
github.com/mithro/go-netgear-switch-library/virtual/nsdpface.go:91.2,93.16 3 1
github.com/mithro/go-netgear-switch-library/virtual/nsdpface.go:93.16,95.3 1 0
github.com/mithro/go-netgear-switch-library/virtual/nsdpface.go:96.2,96.12 1 1
github.com/mithro/go-netgear-switch-library/virtual/nsdpface.go:104.45,107.6 3 1
github.com/mithro/go-netgear-switch-library/virtual/nsdpface.go:107.6,109.17 2 1
github.com/mithro/go-netgear-switch-library/virtual/nsdpface.go:109.17,111.4 1 1
github.com/mithro/go-netgear-switch-library/virtual/nsdpface.go:113.3,114.17 2 1
github.com/mithro/go-netgear-switch-library/virtual/nsdpface.go:114.17,115.12 1 1
github.com/mithro/go-netgear-switch-library/virtual/nsdpface.go:118.3,119.17 2 1
github.com/mithro/go-netgear-switch-library/virtual/nsdpface.go:119.17,120.12 1 0
github.com/mithro/go-netgear-switch-library/virtual/nsdpface.go:122.3,122.18 1 1
github.com/mithro/go-netgear-switch-library/virtual/nsdpface.go:122.18,123.12 1 0
github.com/mithro/go-netgear-switch-library/virtual/nsdpface.go:126.3,127.17 2 1
github.com/mithro/go-netgear-switch-library/virtual/nsdpface.go:127.17,128.12 1 0
github.com/mithro/go-netgear-switch-library/virtual/nsdpface.go:130.3,130.37 1 1
github.com/mithro/go-netgear-switch-library/virtual/nsdpface.go:139.66,140.16 1 1
github.com/mithro/go-netgear-switch-library/virtual/nsdpface.go:141.26,143.20 2 1
github.com/mithro/go-netgear-switch-library/virtual/nsdpface.go:144.27,145.30 1 1
github.com/mithro/go-netgear-switch-library/virtual/nsdpface.go:146.10,147.18 1 0
github.com/mithro/go-netgear-switch-library/virtual/nsdpface.go:155.62,157.29 2 1
github.com/mithro/go-netgear-switch-library/virtual/nsdpface.go:157.29,159.3 1 1
github.com/mithro/go-netgear-switch-library/virtual/nsdpface.go:160.2,167.13 3 1
github.com/mithro/go-netgear-switch-library/virtual/nsdpface.go:185.73,187.16 2 1
github.com/mithro/go-netgear-switch-library/virtual/nsdpface.go:187.16,189.3 1 0
github.com/mithro/go-netgear-switch-library/virtual/nsdpface.go:191.2,192.29 2 1
github.com/mithro/go-netgear-switch-library/virtual/nsdpface.go:192.29,193.66 1 1
github.com/mithro/go-netgear-switch-library/virtual/nsdpface.go:193.66,195.9 2 1
github.com/mithro/go-netgear-switch-library/virtual/nsdpface.go:199.2,205.17 2 1
github.com/mithro/go-netgear-switch-library/virtual/nsdpface.go:205.17,208.3 2 1
github.com/mithro/go-netgear-switch-library/virtual/nsdpface.go:210.2,210.29 1 1
github.com/mithro/go-netgear-switch-library/virtual/nsdpface.go:210.29,211.32 1 1
github.com/mithro/go-netgear-switch-library/virtual/nsdpface.go:211.32,213.4 1 1
github.com/mithro/go-netgear-switch-library/virtual/nsdpface.go:215.2,216.19 2 1
github.com/mithro/go-netgear-switch-library/virtual/seed.go:58.65,59.26 1 1
github.com/mithro/go-netgear-switch-library/virtual/seed.go:59.26,60.20 1 1
github.com/mithro/go-netgear-switch-library/virtual/seed.go:60.20,62.4 1 1
github.com/mithro/go-netgear-switch-library/virtual/seed.go:64.2,64.14 1 1
github.com/mithro/go-netgear-switch-library/virtual/seed.go:91.29,315.2 31 1
github.com/mithro/go-netgear-switch-library/virtual/seed.go:341.29,538.2 25 1
github.com/mithro/go-netgear-switch-library/virtual/seed.go:563.29,687.2 23 1
github.com/mithro/go-netgear-switch-library/virtual/seed.go:705.29,831.2 23 1
github.com/mithro/go-netgear-switch-library/virtual/seed.go:859.28,1015.2 27 1
github.com/mithro/go-netgear-switch-library/virtual/seed.go:1036.28,1045.36 4 1
github.com/mithro/go-netgear-switch-library/virtual/seed.go:1045.36,1052.16 2 1
github.com/mithro/go-netgear-switch-library/virtual/seed.go:1052.16,1054.4 1 1
github.com/mithro/go-netgear-switch-library/virtual/seed.go:1055.3,1059.20 5 1
github.com/mithro/go-netgear-switch-library/virtual/seed.go:1062.2,1067.36 3 1
github.com/mithro/go-netgear-switch-library/virtual/seed.go:1067.36,1069.3 1 1
github.com/mithro/go-netgear-switch-library/virtual/seed.go:1071.2,1107.10 19 1
github.com/mithro/go-netgear-switch-library/virtual/seed.go:1131.27,1133.35 2 1
github.com/mithro/go-netgear-switch-library/virtual/seed.go:1133.35,1135.16 2 1
github.com/mithro/go-netgear-switch-library/virtual/seed.go:1135.16,1137.4 1 1
github.com/mithro/go-netgear-switch-library/virtual/seed.go:1138.3,1143.4 1 1
github.com/mithro/go-netgear-switch-library/virtual/seed.go:1145.2,1171.10 12 1
github.com/mithro/go-netgear-switch-library/virtual/seed.go:1189.27,1192.35 3 1
github.com/mithro/go-netgear-switch-library/virtual/seed.go:1192.35,1199.3 1 1
github.com/mithro/go-netgear-switch-library/virtual/seed.go:1200.2,1247.10 24 1
github.com/mithro/go-netgear-switch-library/virtual/seed.go:1260.41,1261.18 1 1
github.com/mithro/go-netgear-switch-library/virtual/seed.go:1262.19,1263.25 1 1
github.com/mithro/go-netgear-switch-library/virtual/seed.go:1264.19,1265.25 1 1
github.com/mithro/go-netgear-switch-library/virtual/seed.go:1266.19,1267.25 1 1
github.com/mithro/go-netgear-switch-library/virtual/seed.go:1268.19,1269.25 1 1
github.com/mithro/go-netgear-switch-library/virtual/seed.go:1270.18,1271.24 1 1
github.com/mithro/go-netgear-switch-library/virtual/seed.go:1272.18,1273.24 1 1
github.com/mithro/go-netgear-switch-library/virtual/seed.go:1274.17,1275.23 1 1
github.com/mithro/go-netgear-switch-library/virtual/seed.go:1276.17,1277.23 1 1
github.com/mithro/go-netgear-switch-library/virtual/seed.go:1278.10,1279.28 1 1
github.com/mithro/go-netgear-switch-library/virtual/server.go:105.45,106.32 1 1
github.com/mithro/go-netgear-switch-library/virtual/server.go:106.32,106.59 1 1
github.com/mithro/go-netgear-switch-library/virtual/server.go:111.35,112.32 1 1
github.com/mithro/go-netgear-switch-library/virtual/server.go:112.32,112.49 1 1
github.com/mithro/go-netgear-switch-library/virtual/server.go:118.47,119.32 1 0
github.com/mithro/go-netgear-switch-library/virtual/server.go:119.32,119.61 1 0
github.com/mithro/go-netgear-switch-library/virtual/server.go:125.46,126.32 1 1
github.com/mithro/go-netgear-switch-library/virtual/server.go:126.32,126.60 1 1
github.com/mithro/go-netgear-switch-library/virtual/server.go:131.46,132.32 1 1
github.com/mithro/go-netgear-switch-library/virtual/server.go:132.32,132.60 1 1
github.com/mithro/go-netgear-switch-library/virtual/server.go:141.80,143.16 2 1
github.com/mithro/go-netgear-switch-library/virtual/server.go:143.16,145.3 1 1
github.com/mithro/go-netgear-switch-library/virtual/server.go:146.2,156.27 2 1
github.com/mithro/go-netgear-switch-library/virtual/server.go:156.27,158.3 1 1
github.com/mithro/go-netgear-switch-library/virtual/server.go:159.2,159.15 1 1
github.com/mithro/go-netgear-switch-library/virtual/server.go:175.39,179.47 3 1
github.com/mithro/go-netgear-switch-library/virtual/server.go:179.47,183.17 4 1
github.com/mithro/go-netgear-switch-library/virtual/server.go:183.17,185.4 1 0
github.com/mithro/go-netgear-switch-library/virtual/server.go:186.3,187.20 2 1
github.com/mithro/go-netgear-switch-library/virtual/server.go:190.2,190.47 1 1
github.com/mithro/go-netgear-switch-library/virtual/server.go:190.47,193.17 3 1
github.com/mithro/go-netgear-switch-library/virtual/server.go:193.17,195.4 1 0
github.com/mithro/go-netgear-switch-library/virtual/server.go:196.3,197.20 2 1
github.com/mithro/go-netgear-switch-library/virtual/server.go:200.2,200.47 1 1
github.com/mithro/go-netgear-switch-library/virtual/server.go:200.47,202.17 2 1
github.com/mithro/go-netgear-switch-library/virtual/server.go:202.17,204.4 1 0
github.com/mithro/go-netgear-switch-library/virtual/server.go:205.3,207.17 3 1
github.com/mithro/go-netgear-switch-library/virtual/server.go:207.17,209.4 1 0
github.com/mithro/go-netgear-switch-library/virtual/server.go:210.3,211.20 2 1
github.com/mithro/go-netgear-switch-library/virtual/server.go:214.2,214.46 1 1
github.com/mithro/go-netgear-switch-library/virtual/server.go:214.46,216.17 2 1
github.com/mithro/go-netgear-switch-library/virtual/server.go:216.17,218.4 1 0
github.com/mithro/go-netgear-switch-library/virtual/server.go:219.3,221.17 3 1
github.com/mithro/go-netgear-switch-library/virtual/server.go:221.17,223.4 1 0
github.com/mithro/go-netgear-switch-library/virtual/server.go:224.3,225.19 2 1
github.com/mithro/go-netgear-switch-library/virtual/server.go:228.2,228.49 1 1
github.com/mithro/go-netgear-switch-library/virtual/server.go:228.49,230.17 2 1
github.com/mithro/go-netgear-switch-library/virtual/server.go:230.17,232.4 1 0
github.com/mithro/go-netgear-switch-library/virtual/server.go:233.3,235.17 3 1
github.com/mithro/go-netgear-switch-library/virtual/server.go:235.17,237.4 1 0
github.com/mithro/go-netgear-switch-library/virtual/server.go:238.3,239.22 2 1
github.com/mithro/go-netgear-switch-library/virtual/server.go:242.2,242.108 1 1
github.com/mithro/go-netgear-switch-library/virtual/server.go:242.108,245.3 1 0
github.com/mithro/go-netgear-switch-library/virtual/server.go:246.2,246.12 1 1
github.com/mithro/go-netgear-switch-library/virtual/server.go:254.38,274.21 19 1
github.com/mithro/go-netgear-switch-library/virtual/server.go:274.21,275.41 1 1
github.com/mithro/go-netgear-switch-library/virtual/server.go:275.41,277.4 1 0
github.com/mithro/go-netgear-switch-library/virtual/server.go:279.2,279.21 1 1
github.com/mithro/go-netgear-switch-library/virtual/server.go:279.21,280.60 1 1
github.com/mithro/go-netgear-switch-library/virtual/server.go:280.60,282.4 1 0
github.com/mithro/go-netgear-switch-library/virtual/server.go:284.2,284.21 1 1
github.com/mithro/go-netgear-switch-library/virtual/server.go:284.21,285.60 1 1
github.com/mithro/go-netgear-switch-library/virtual/server.go:285.60,287.4 1 0
github.com/mithro/go-netgear-switch-library/virtual/server.go:289.2,289.20 1 1
github.com/mithro/go-netgear-switch-library/virtual/server.go:289.20,290.59 1 1
github.com/mithro/go-netgear-switch-library/virtual/server.go:290.59,292.4 1 0
github.com/mithro/go-netgear-switch-library/virtual/server.go:294.2,294.23 1 1
github.com/mithro/go-netgear-switch-library/virtual/server.go:294.23,295.62 1 1
github.com/mithro/go-netgear-switch-library/virtual/server.go:295.62,297.4 1 0
github.com/mithro/go-netgear-switch-library/virtual/server.go:299.2,299.17 1 1
github.com/mithro/go-netgear-switch-library/virtual/server.go:316.64,318.16 2 1
github.com/mithro/go-netgear-switch-library/virtual/server.go:318.16,320.3 1 0
github.com/mithro/go-netgear-switch-library/virtual/server.go:321.2,321.39 1 1
github.com/mithro/go-netgear-switch-library/virtual/server.go:384.94,386.16 2 1
github.com/mithro/go-netgear-switch-library/virtual/server.go:386.16,388.3 1 1
github.com/mithro/go-netgear-switch-library/virtual/server.go:389.2,389.35 1 1
github.com/mithro/go-netgear-switch-library/virtual/server.go:389.35,391.3 1 0
github.com/mithro/go-netgear-switch-library/virtual/server.go:393.2,398.12 5 1
github.com/mithro/go-netgear-switch-library/virtual/server.go:398.12,399.10 1 1
github.com/mithro/go-netgear-switch-library/virtual/server.go:400.21,400.21 0 1
github.com/mithro/go-netgear-switch-library/virtual/server.go:401.25,401.25 0 1
github.com/mithro/go-netgear-switch-library/virtual/server.go:403.3,403.16 1 1
github.com/mithro/go-netgear-switch-library/virtual/server.go:406.2,413.8 1 1
github.com/mithro/go-netgear-switch-library/virtual/server.go:423.43,430.35 6 1
github.com/mithro/go-netgear-switch-library/virtual/server.go:430.35,432.62 2 1
github.com/mithro/go-netgear-switch-library/virtual/server.go:432.62,434.4 1 0
github.com/mithro/go-netgear-switch-library/virtual/server.go:436.2,436.17 1 1
github.com/mithro/go-netgear-switch-library/virtual/snmpface.go:56.67,58.2 1 1
github.com/mithro/go-netgear-switch-library/virtual/snmpface.go:63.50,66.19 3 1
github.com/mithro/go-netgear-switch-library/virtual/snmpface.go:66.19,68.3 1 0
github.com/mithro/go-netgear-switch-library/virtual/snmpface.go:70.2,71.16 2 1
github.com/mithro/go-netgear-switch-library/virtual/snmpface.go:71.16,73.3 1 0
github.com/mithro/go-netgear-switch-library/virtual/snmpface.go:74.2,80.9 5 1
github.com/mithro/go-netgear-switch-library/virtual/snmpface.go:80.9,84.3 1 0
github.com/mithro/go-netgear-switch-library/virtual/snmpface.go:85.2,85.26 1 1
github.com/mithro/go-netgear-switch-library/virtual/snmpface.go:90.33,96.17 5 1
github.com/mithro/go-netgear-switch-library/virtual/snmpface.go:96.17,98.3 1 1
github.com/mithro/go-netgear-switch-library/virtual/snmpface.go:99.2,101.16 3 1
github.com/mithro/go-netgear-switch-library/virtual/snmpface.go:101.16,103.3 1 0
github.com/mithro/go-netgear-switch-library/virtual/snmpface.go:104.2,104.12 1 1
github.com/mithro/go-netgear-switch-library/virtual/snmpface.go:113.45,116.6 3 1
github.com/mithro/go-netgear-switch-library/virtual/snmpface.go:116.6,118.17 2 1
github.com/mithro/go-netgear-switch-library/virtual/snmpface.go:118.17,120.4 1 1
github.com/mithro/go-netgear-switch-library/virtual/snmpface.go:122.3,124.17 3 1
github.com/mithro/go-netgear-switch-library/virtual/snmpface.go:124.17,125.12 1 1
github.com/mithro/go-netgear-switch-library/virtual/snmpface.go:127.3,127.41 1 1
github.com/mithro/go-netgear-switch-library/virtual/snmpface.go:127.41,128.12 1 1
github.com/mithro/go-netgear-switch-library/virtual/snmpface.go:130.3,130.38 1 1
github.com/mithro/go-netgear-switch-library/virtual/snmpface.go:130.38,131.12 1 1
github.com/mithro/go-netgear-switch-library/virtual/snmpface.go:134.3,135.18 2 1
github.com/mithro/go-netgear-switch-library/virtual/snmpface.go:135.18,136.12 1 0
github.com/mithro/go-netgear-switch-library/virtual/snmpface.go:138.3,139.17 2 1
github.com/mithro/go-netgear-switch-library/virtual/snmpface.go:139.17,140.12 1 0
github.com/mithro/go-netgear-switch-library/virtual/snmpface.go:142.3,142.37 1 1
github.com/mithro/go-netgear-switch-library/virtual/snmpface.go:151.70,158.21 2 1
github.com/mithro/go-netgear-switch-library/virtual/snmpface.go:159.25,160.46 1 1
github.com/mithro/go-netgear-switch-library/virtual/snmpface.go:161.29,162.50 1 1
github.com/mithro/go-netgear-switch-library/virtual/snmpface.go:163.29,164.40 1 1
github.com/mithro/go-netgear-switch-library/virtual/snmpface.go:165.25,169.27 4 1
github.com/mithro/go-netgear-switch-library/virtual/snmpface.go:170.10,171.13 1 0
github.com/mithro/go-netgear-switch-library/virtual/snmpface.go:173.2,173.13 1 1
github.com/mithro/go-netgear-switch-library/virtual/snmpface.go:180.70,182.26 2 1
github.com/mithro/go-netgear-switch-library/virtual/snmpface.go:182.26,184.3 1 1
github.com/mithro/go-netgear-switch-library/virtual/snmpface.go:185.2,185.12 1 1
github.com/mithro/go-netgear-switch-library/virtual/snmpface.go:193.55,195.9 2 1
github.com/mithro/go-netgear-switch-library/virtual/snmpface.go:195.9,197.3 1 0
github.com/mithro/go-netgear-switch-library/virtual/snmpface.go:198.2,198.32 1 1
github.com/mithro/go-netgear-switch-library/virtual/snmpface.go:198.32,200.3 1 1
github.com/mithro/go-netgear-switch-library/virtual/snmpface.go:201.2,202.9 2 1
github.com/mithro/go-netgear-switch-library/virtual/snmpface.go:202.9,204.3 1 1
github.com/mithro/go-netgear-switch-library/virtual/snmpface.go:205.2,206.58 2 1
github.com/mithro/go-netgear-switch-library/virtual/snmpface.go:211.74,213.26 2 1
github.com/mithro/go-netgear-switch-library/virtual/snmpface.go:213.26,215.3 1 1
github.com/mithro/go-netgear-switch-library/virtual/snmpface.go:216.2,216.12 1 1
github.com/mithro/go-netgear-switch-library/virtual/snmpface.go:225.59,227.9 2 1
github.com/mithro/go-netgear-switch-library/virtual/snmpface.go:227.9,229.3 1 0
github.com/mithro/go-netgear-switch-library/virtual/snmpface.go:230.2,230.32 1 1
github.com/mithro/go-netgear-switch-library/virtual/snmpface.go:230.32,232.3 1 1
github.com/mithro/go-netgear-switch-library/virtual/snmpface.go:233.2,234.9 2 1
github.com/mithro/go-netgear-switch-library/virtual/snmpface.go:234.9,236.3 1 1
github.com/mithro/go-netgear-switch-library/virtual/snmpface.go:237.2,238.80 2 1
github.com/mithro/go-netgear-switch-library/virtual/snmpface.go:250.75,253.30 3 1
github.com/mithro/go-netgear-switch-library/virtual/snmpface.go:253.30,255.3 1 0
github.com/mithro/go-netgear-switch-library/virtual/snmpface.go:256.2,259.36 3 1
github.com/mithro/go-netgear-switch-library/virtual/snmpface.go:259.36,261.3 1 1
github.com/mithro/go-netgear-switch-library/virtual/snmpface.go:263.2,264.40 2 1
github.com/mithro/go-netgear-switch-library/virtual/snmpface.go:264.40,266.3 1 0
github.com/mithro/go-netgear-switch-library/virtual/snmpface.go:268.2,270.30 3 1
github.com/mithro/go-netgear-switch-library/virtual/snmpface.go:270.30,272.3 1 1
github.com/mithro/go-netgear-switch-library/virtual/snmpface.go:273.2,273.31 1 1
github.com/mithro/go-netgear-switch-library/virtual/snmpface.go:273.31,274.27 1 1
github.com/mithro/go-netgear-switch-library/virtual/snmpface.go:274.27,275.15 1 1
github.com/mithro/go-netgear-switch-library/virtual/snmpface.go:275.15,277.13 2 1
github.com/mithro/go-netgear-switch-library/virtual/snmpface.go:279.4,281.74 3 1
github.com/mithro/go-netgear-switch-library/virtual/snmpface.go:281.74,283.5 1 1
github.com/mithro/go-netgear-switch-library/virtual/snmpface.go:283.10,285.5 1 1
github.com/mithro/go-netgear-switch-library/virtual/snmpface.go:288.2,288.12 1 1
github.com/mithro/go-netgear-switch-library/virtual/snmpface.go:298.120,301.26 3 1
github.com/mithro/go-netgear-switch-library/virtual/snmpface.go:301.26,303.33 2 1
github.com/mithro/go-netgear-switch-library/virtual/snmpface.go:303.33,306.4 2 1
github.com/mithro/go-netgear-switch-library/virtual/snmpface.go:307.3,307.56 1 1
github.com/mithro/go-netgear-switch-library/virtual/snmpface.go:307.56,310.4 2 1
github.com/mithro/go-netgear-switch-library/virtual/snmpface.go:311.3,311.18 1 1
github.com/mithro/go-netgear-switch-library/virtual/snmpface.go:313.2,314.35 2 1
github.com/mithro/go-netgear-switch-library/virtual/snmpface.go:320.58,322.2 1 1
github.com/mithro/go-netgear-switch-library/virtual/snmpface.go:331.68,332.15 1 1
github.com/mithro/go-netgear-switch-library/virtual/snmpface.go:332.15,333.23 1 1
github.com/mithro/go-netgear-switch-library/virtual/snmpface.go:333.23,335.4 1 1
github.com/mithro/go-netgear-switch-library/virtual/snmpface.go:337.2,338.13 2 1
github.com/mithro/go-netgear-switch-library/virtual/snmpface.go:346.64,347.18 1 1
github.com/mithro/go-netgear-switch-library/virtual/snmpface.go:348.17,350.17 2 1
github.com/mithro/go-netgear-switch-library/virtual/snmpface.go:350.17,351.82 1 0
github.com/mithro/go-netgear-switch-library/virtual/snmpface.go:353.3,353.27 1 1
github.com/mithro/go-netgear-switch-library/virtual/snmpface.go:354.17,356.17 2 1
github.com/mithro/go-netgear-switch-library/virtual/snmpface.go:356.17,357.84 1 0
github.com/mithro/go-netgear-switch-library/virtual/snmpface.go:359.3,359.35 1 1
github.com/mithro/go-netgear-switch-library/virtual/snmpface.go:360.19,362.17 2 1
github.com/mithro/go-netgear-switch-library/virtual/snmpface.go:362.17,363.86 1 0
github.com/mithro/go-netgear-switch-library/virtual/snmpface.go:365.3,365.37 1 1
github.com/mithro/go-netgear-switch-library/virtual/snmpface.go:366.19,368.17 2 1
github.com/mithro/go-netgear-switch-library/virtual/snmpface.go:368.17,369.86 1 0
github.com/mithro/go-netgear-switch-library/virtual/snmpface.go:371.3,371.29 1 1
github.com/mithro/go-netgear-switch-library/virtual/snmpface.go:372.18,373.43 1 1
github.com/mithro/go-netgear-switch-library/virtual/snmpface.go:374.16,375.33 1 1
github.com/mithro/go-netgear-switch-library/virtual/snmpface.go:376.13,377.40 1 1
github.com/mithro/go-netgear-switch-library/virtual/snmpface.go:378.10,379.87 1 0
github.com/mithro/go-netgear-switch-library/virtual/snmpface.go:389.43,390.30 1 1
github.com/mithro/go-netgear-switch-library/virtual/snmpface.go:391.11,392.11 1 1
github.com/mithro/go-netgear-switch-library/virtual/snmpface.go:393.12,394.16 1 0
github.com/mithro/go-netgear-switch-library/virtual/snmpface.go:395.13,396.16 1 0
github.com/mithro/go-netgear-switch-library/virtual/snmpface.go:397.13,398.16 1 0
github.com/mithro/go-netgear-switch-library/virtual/snmpface.go:399.13,400.16 1 0
github.com/mithro/go-netgear-switch-library/virtual/snmpface.go:401.12,402.16 1 1
github.com/mithro/go-netgear-switch-library/virtual/snmpface.go:403.13,404.16 1 0
github.com/mithro/go-netgear-switch-library/virtual/snmpface.go:405.14,406.16 1 0
github.com/mithro/go-netgear-switch-library/virtual/snmpface.go:407.14,408.16 1 0
github.com/mithro/go-netgear-switch-library/virtual/snmpface.go:409.14,410.16 1 0
github.com/mithro/go-netgear-switch-library/virtual/snmpface.go:411.14,412.11 1 1
github.com/mithro/go-netgear-switch-library/virtual/snmpface.go:413.14,414.11 1 0
github.com/mithro/go-netgear-switch-library/virtual/snmpface.go:415.10,416.23 1 0
github.com/mithro/go-netgear-switch-library/virtual/sshface.go:84.102,86.2 1 1
github.com/mithro/go-netgear-switch-library/virtual/sshface.go:95.49,98.23 3 1
github.com/mithro/go-netgear-switch-library/virtual/sshface.go:98.23,100.3 1 0
github.com/mithro/go-netgear-switch-library/virtual/sshface.go:102.2,103.16 2 1
github.com/mithro/go-netgear-switch-library/virtual/sshface.go:103.16,105.3 1 0
github.com/mithro/go-netgear-switch-library/virtual/sshface.go:106.2,107.16 2 1
github.com/mithro/go-netgear-switch-library/virtual/sshface.go:107.16,109.3 1 0
github.com/mithro/go-netgear-switch-library/virtual/sshface.go:111.2,113.70 1 1
github.com/mithro/go-netgear-switch-library/virtual/sshface.go:113.70,115.4 1 1
github.com/mithro/go-netgear-switch-library/virtual/sshface.go:119.69,121.4 1 1
github.com/mithro/go-netgear-switch-library/virtual/sshface.go:123.2,126.16 3 1
github.com/mithro/go-netgear-switch-library/virtual/sshface.go:126.16,128.3 1 0
github.com/mithro/go-netgear-switch-library/virtual/sshface.go:129.2,133.12 4 1
github.com/mithro/go-netgear-switch-library/virtual/sshface.go:133.12,136.3 2 1
github.com/mithro/go-netgear-switch-library/virtual/sshface.go:138.2,139.9 2 1
github.com/mithro/go-netgear-switch-library/virtual/sshface.go:139.9,143.3 1 0
github.com/mithro/go-netgear-switch-library/virtual/sshface.go:144.2,144.26 1 1
github.com/mithro/go-netgear-switch-library/virtual/sshface.go:156.32,163.16 6 1
github.com/mithro/go-netgear-switch-library/virtual/sshface.go:163.16,165.3 1 1
github.com/mithro/go-netgear-switch-library/virtual/sshface.go:166.2,168.16 3 1
github.com/mithro/go-netgear-switch-library/virtual/sshface.go:168.16,170.3 1 0
github.com/mithro/go-netgear-switch-library/virtual/sshface.go:171.2,171.12 1 1
github.com/mithro/go-netgear-switch-library/virtual/sshface.go:190.57,195.15 4 1
github.com/mithro/go-netgear-switch-library/virtual/sshface.go:195.15,195.35 1 1
github.com/mithro/go-netgear-switch-library/virtual/sshface.go:196.2,196.86 1 1
github.com/mithro/go-netgear-switch-library/virtual/state.go:83.68,85.2 1 1
github.com/mithro/go-netgear-switch-library/virtual/state.go:113.45,115.26 2 1
github.com/mithro/go-netgear-switch-library/virtual/state.go:115.26,117.3 1 1
github.com/mithro/go-netgear-switch-library/virtual/state.go:118.2,118.34 1 1
github.com/mithro/go-netgear-switch-library/virtual/state.go:118.34,120.3 1 1
github.com/mithro/go-netgear-switch-library/virtual/state.go:121.2,121.12 1 1
github.com/mithro/go-netgear-switch-library/virtual/state.go:342.39,365.2 1 1
github.com/mithro/go-netgear-switch-library/virtual/state.go:371.46,372.26 1 1
github.com/mithro/go-netgear-switch-library/virtual/state.go:372.26,374.3 1 1
github.com/mithro/go-netgear-switch-library/virtual/state.go:375.2,375.22 1 1
github.com/mithro/go-netgear-switch-library/virtual/state.go:387.35,425.2 2 1
github.com/mithro/go-netgear-switch-library/virtual/state.go:437.38,439.2 1 1
github.com/mithro/go-netgear-switch-library/virtual/state.go:441.58,442.15 1 1
github.com/mithro/go-netgear-switch-library/virtual/state.go:442.15,444.3 1 0
github.com/mithro/go-netgear-switch-library/virtual/state.go:445.2,446.23 2 1
github.com/mithro/go-netgear-switch-library/virtual/state.go:446.23,456.3 9 1
github.com/mithro/go-netgear-switch-library/virtual/state.go:457.2,457.12 1 1
github.com/mithro/go-netgear-switch-library/virtual/state.go:460.58,461.15 1 1
github.com/mithro/go-netgear-switch-library/virtual/state.go:461.15,463.3 1 0
github.com/mithro/go-netgear-switch-library/virtual/state.go:464.2,465.23 2 1
github.com/mithro/go-netgear-switch-library/virtual/state.go:465.23,472.3 1 1
github.com/mithro/go-netgear-switch-library/virtual/state.go:473.2,473.12 1 1
github.com/mithro/go-netgear-switch-library/virtual/state.go:476.54,477.15 1 1
github.com/mithro/go-netgear-switch-library/virtual/state.go:477.15,479.3 1 0
github.com/mithro/go-netgear-switch-library/virtual/state.go:480.2,481.23 2 1
github.com/mithro/go-netgear-switch-library/virtual/state.go:481.23,484.3 2 1
github.com/mithro/go-netgear-switch-library/virtual/state.go:485.2,485.12 1 1
github.com/mithro/go-netgear-switch-library/virtual/state.go:488.51,489.15 1 1
github.com/mithro/go-netgear-switch-library/virtual/state.go:489.15,491.3 1 1
github.com/mithro/go-netgear-switch-library/virtual/state.go:492.2,494.12 3 1
github.com/mithro/go-netgear-switch-library/virtual/state.go:500.58,502.2 1 1
github.com/mithro/go-netgear-switch-library/virtual/state.go:504.51,505.15 1 1
github.com/mithro/go-netgear-switch-library/virtual/state.go:505.15,507.3 1 0
github.com/mithro/go-netgear-switch-library/virtual/state.go:508.2,510.12 3 1
github.com/mithro/go-netgear-switch-library/virtual/state.go:513.42,514.15 1 1
github.com/mithro/go-netgear-switch-library/virtual/state.go:514.15,516.3 1 0
github.com/mithro/go-netgear-switch-library/virtual/state.go:517.2,519.12 3 1
github.com/mithro/go-netgear-switch-library/virtual/state.go:522.45,523.15 1 1
github.com/mithro/go-netgear-switch-library/virtual/state.go:523.15,525.3 1 0
github.com/mithro/go-netgear-switch-library/virtual/state.go:526.2,528.12 3 1
github.com/mithro/go-netgear-switch-library/virtual/state.go:531.49,532.15 1 1
github.com/mithro/go-netgear-switch-library/virtual/state.go:532.15,534.3 1 0
github.com/mithro/go-netgear-switch-library/virtual/state.go:535.2,536.23 2 1
github.com/mithro/go-netgear-switch-library/virtual/state.go:536.23,538.3 1 1
github.com/mithro/go-netgear-switch-library/virtual/state.go:539.2,539.12 1 1
github.com/mithro/go-netgear-switch-library/virtual/state.go:542.52,543.15 1 1
github.com/mithro/go-netgear-switch-library/virtual/state.go:543.15,545.3 1 1
github.com/mithro/go-netgear-switch-library/virtual/state.go:546.2,547.23 2 1
github.com/mithro/go-netgear-switch-library/virtual/state.go:547.23,549.3 1 1
github.com/mithro/go-netgear-switch-library/virtual/state.go:550.2,550.12 1 1
github.com/mithro/go-netgear-switch-library/virtual/state.go:553.31,554.14 1 1
github.com/mithro/go-netgear-switch-library/virtual/state.go:554.14,556.3 1 1
github.com/mithro/go-netgear-switch-library/virtual/state.go:557.2,558.11 2 1
github.com/mithro/go-netgear-switch-library/virtual/state.go:561.40,562.14 1 1
github.com/mithro/go-netgear-switch-library/virtual/state.go:562.14,564.3 1 1
github.com/mithro/go-netgear-switch-library/virtual/state.go:565.2,566.11 2 1
github.com/mithro/go-netgear-switch-library/virtual/state.go:569.34,570.14 1 1
github.com/mithro/go-netgear-switch-library/virtual/state.go:570.14,572.3 1 1
github.com/mithro/go-netgear-switch-library/virtual/state.go:573.2,574.11 2 1
github.com/mithro/go-netgear-switch-library/virtual/state.go:577.40,578.14 1 1
github.com/mithro/go-netgear-switch-library/virtual/state.go:578.14,580.3 1 1
github.com/mithro/go-netgear-switch-library/virtual/state.go:581.2,582.11 2 1
github.com/mithro/go-netgear-switch-library/virtual/state.go:585.80,586.15 1 1
github.com/mithro/go-netgear-switch-library/virtual/state.go:586.15,588.3 1 1
github.com/mithro/go-netgear-switch-library/virtual/state.go:589.2,590.12 2 1
github.com/mithro/go-netgear-switch-library/virtual/state.go:593.65,594.15 1 1
github.com/mithro/go-netgear-switch-library/virtual/state.go:594.15,596.3 1 1
github.com/mithro/go-netgear-switch-library/virtual/state.go:597.2,603.3 1 1
github.com/mithro/go-netgear-switch-library/virtual/state.go:621.47,623.37 2 1
github.com/mithro/go-netgear-switch-library/virtual/state.go:623.37,625.3 1 1
github.com/mithro/go-netgear-switch-library/virtual/state.go:626.2,627.24 2 1
github.com/mithro/go-netgear-switch-library/virtual/state.go:627.24,629.3 1 0
github.com/mithro/go-netgear-switch-library/virtual/state.go:630.2,631.16 2 1
github.com/mithro/go-netgear-switch-library/virtual/state.go:631.16,633.3 1 0
github.com/mithro/go-netgear-switch-library/virtual/state.go:634.2,634.16 1 1
github.com/mithro/go-netgear-switch-library/virtual/state.go:641.33,642.13 1 1
github.com/mithro/go-netgear-switch-library/virtual/state.go:642.13,644.3 1 0
github.com/mithro/go-netgear-switch-library/virtual/state.go:645.2,645.22 1 1
github.com/mithro/go-netgear-switch-library/virtual/state.go:645.22,646.25 1 1
github.com/mithro/go-netgear-switch-library/virtual/state.go:646.25,648.4 1 0
github.com/mithro/go-netgear-switch-library/virtual/state.go:650.2,650.13 1 1
github.com/mithro/go-netgear-switch-library/virtual/state.go:656.47,658.37 2 1
github.com/mithro/go-netgear-switch-library/virtual/state.go:658.37,660.3 1 1
github.com/mithro/go-netgear-switch-library/virtual/state.go:661.2,662.24 2 1
github.com/mithro/go-netgear-switch-library/virtual/state.go:662.24,664.3 1 0
github.com/mithro/go-netgear-switch-library/virtual/state.go:665.2,666.16 2 1
github.com/mithro/go-netgear-switch-library/virtual/state.go:666.16,668.3 1 0
github.com/mithro/go-netgear-switch-library/virtual/state.go:669.2,669.16 1 1
github.com/mithro/go-netgear-switch-library/virtual/state.go:686.41,687.27 1 1
github.com/mithro/go-netgear-switch-library/virtual/state.go:688.11,689.11 1 1
github.com/mithro/go-netgear-switch-library/virtual/state.go:690.13,691.16 1 1
github.com/mithro/go-netgear-switch-library/virtual/state.go:692.13,693.16 1 1
github.com/mithro/go-netgear-switch-library/virtual/state.go:694.12,695.16 1 1
github.com/mithro/go-netgear-switch-library/virtual/state.go:696.14,697.16 1 1
github.com/mithro/go-netgear-switch-library/virtual/state.go:698.14,699.16 1 1
github.com/mithro/go-netgear-switch-library/virtual/state.go:700.12,701.16 1 1
github.com/mithro/go-netgear-switch-library/virtual/state.go:702.14,704.17 2 1
github.com/mithro/go-netgear-switch-library/virtual/state.go:704.17,706.4 1 1
github.com/mithro/go-netgear-switch-library/virtual/state.go:708.2,708.104 1 1
github.com/mithro/go-netgear-switch-library/virtual/state.go:715.44,716.27 1 1
github.com/mithro/go-netgear-switch-library/virtual/state.go:717.14,718.11 1 1
github.com/mithro/go-netgear-switch-library/virtual/state.go:719.14,720.19 1 0
github.com/mithro/go-netgear-switch-library/virtual/state.go:721.11,722.25 1 1
github.com/mithro/go-netgear-switch-library/virtual/state.go:723.10,724.107 1 1
github.com/mithro/go-netgear-switch-library/virtual/state.go:733.33,734.27 1 1
github.com/mithro/go-netgear-switch-library/virtual/state.go:735.14,736.11 1 1
github.com/mithro/go-netgear-switch-library/virtual/state.go:737.14,738.19 1 1
github.com/mithro/go-netgear-switch-library/virtual/state.go:739.10,740.23 1 0
github.com/mithro/go-netgear-switch-library/virtual/state.go:746.49,748.26 2 1
github.com/mithro/go-netgear-switch-library/virtual/state.go:748.26,750.3 1 1
github.com/mithro/go-netgear-switch-library/virtual/state.go:751.2,751.12 1 1
github.com/mithro/go-netgear-switch-library/virtual/state.go:758.49,760.32 2 1
github.com/mithro/go-netgear-switch-library/virtual/state.go:760.32,761.14 1 1
github.com/mithro/go-netgear-switch-library/virtual/state.go:761.14,763.4 1 1
github.com/mithro/go-netgear-switch-library/virtual/state.go:765.2,766.12 2 1
github.com/mithro/go-netgear-switch-library/virtual/state.go:775.51,779.57 2 1
github.com/mithro/go-netgear-switch-library/virtual/state.go:779.57,780.41 1 1
github.com/mithro/go-netgear-switch-library/virtual/state.go:780.41,783.15 3 1
github.com/mithro/go-netgear-switch-library/virtual/state.go:783.15,785.5 1 1
github.com/mithro/go-netgear-switch-library/virtual/state.go:787.3,787.9 1 1
github.com/mithro/go-netgear-switch-library/virtual/state.go:791.2,791.43 1 1
github.com/mithro/go-netgear-switch-library/virtual/state.go:791.43,792.41 1 1
github.com/mithro/go-netgear-switch-library/virtual/state.go:792.41,795.10 3 1
github.com/mithro/go-netgear-switch-library/virtual/state.go:795.10,797.5 1 1
github.com/mithro/go-netgear-switch-library/virtual/state.go:797.10,799.5 1 1
github.com/mithro/go-netgear-switch-library/virtual/state.go:800.4,800.11 1 1
github.com/mithro/go-netgear-switch-library/virtual/state.go:800.11,801.45 1 1
github.com/mithro/go-netgear-switch-library/virtual/state.go:801.45,803.6 1 1
github.com/mithro/go-netgear-switch-library/virtual/state.go:806.3,806.9 1 1
github.com/mithro/go-netgear-switch-library/virtual/state.go:811.2,811.53 1 1
github.com/mithro/go-netgear-switch-library/virtual/state.go:811.53,814.3 2 1
github.com/mithro/go-netgear-switch-library/virtual/state.go:817.2,817.64 1 1
github.com/mithro/go-netgear-switch-library/virtual/state.go:817.64,818.41 1 1
github.com/mithro/go-netgear-switch-library/virtual/state.go:818.41,820.4 1 1
github.com/mithro/go-netgear-switch-library/virtual/state.go:821.3,821.9 1 1
github.com/mithro/go-netgear-switch-library/virtual/state.go:825.2,825.66 1 1
github.com/mithro/go-netgear-switch-library/virtual/state.go:825.66,826.41 1 0
github.com/mithro/go-netgear-switch-library/virtual/state.go:826.41,828.4 1 0
github.com/mithro/go-netgear-switch-library/virtual/state.go:829.3,829.9 1 0
github.com/mithro/go-netgear-switch-library/virtual/state.go:833.2,833.67 1 1
github.com/mithro/go-netgear-switch-library/virtual/state.go:833.67,835.13 2 1
github.com/mithro/go-netgear-switch-library/virtual/state.go:836.30,837.24 1 1
github.com/mithro/go-netgear-switch-library/virtual/state.go:838.34,839.42 1 1
github.com/mithro/go-netgear-switch-library/virtual/state.go:839.42,841.5 1 1
github.com/mithro/go-netgear-switch-library/virtual/state.go:843.3,843.9 1 1
github.com/mithro/go-netgear-switch-library/virtual/state.go:848.2,848.62 1 1
github.com/mithro/go-netgear-switch-library/virtual/state.go:848.62,850.41 2 1
github.com/mithro/go-netgear-switch-library/virtual/state.go:850.41,852.4 1 1
github.com/mithro/go-netgear-switch-library/virtual/state.go:852.9,854.4 1 1
github.com/mithro/go-netgear-switch-library/virtual/state.go:855.3,855.9 1 1
github.com/mithro/go-netgear-switch-library/virtual/state.go:861.2,861.14 1 1
github.com/mithro/go-netgear-switch-library/virtual/state.go:861.14,862.14 1 1
github.com/mithro/go-netgear-switch-library/virtual/state.go:863.34,865.10 2 1
github.com/mithro/go-netgear-switch-library/virtual/state.go:866.37,868.10 2 1
github.com/mithro/go-netgear-switch-library/virtual/state.go:869.37,871.10 2 1
github.com/mithro/go-netgear-switch-library/virtual/state.go:873.3,873.39 1 1
github.com/mithro/go-netgear-switch-library/virtual/state.go:873.39,875.32 1 1
github.com/mithro/go-netgear-switch-library/virtual/state.go:875.32,877.5 1 1
github.com/mithro/go-netgear-switch-library/virtual/state.go:877.10,879.5 1 1
github.com/mithro/go-netgear-switch-library/virtual/state.go:880.4,880.10 1 1
github.com/mithro/go-netgear-switch-library/virtual/state.go:892.48,895.54 2 1
github.com/mithro/go-netgear-switch-library/virtual/state.go:895.54,897.3 1 1
github.com/mithro/go-netgear-switch-library/virtual/state.go:898.2,898.40 1 1
github.com/mithro/go-netgear-switch-library/virtual/state.go:898.40,900.3 1 1
github.com/mithro/go-netgear-switch-library/virtual/state.go:901.2,901.50 1 1
github.com/mithro/go-netgear-switch-library/virtual/state.go:901.50,903.3 1 1
github.com/mithro/go-netgear-switch-library/virtual/state.go:904.2,904.62 1 1
github.com/mithro/go-netgear-switch-library/virtual/state.go:904.62,906.3 1 1
github.com/mithro/go-netgear-switch-library/virtual/state.go:907.2,907.64 1 1
github.com/mithro/go-netgear-switch-library/virtual/state.go:907.64,909.3 1 1
github.com/mithro/go-netgear-switch-library/virtual/state.go:910.2,910.65 1 1
github.com/mithro/go-netgear-switch-library/virtual/state.go:910.65,914.3 1 1
github.com/mithro/go-netgear-switch-library/virtual/state.go:915.2,915.60 1 1
github.com/mithro/go-netgear-switch-library/virtual/state.go:915.60,917.3 1 1
github.com/mithro/go-netgear-switch-library/virtual/state.go:920.2,920.14 1 1
github.com/mithro/go-netgear-switch-library/virtual/state.go:920.14,922.3 1 1
github.com/mithro/go-netgear-switch-library/virtual/state.go:923.2,923.116 1 1
github.com/mithro/go-netgear-switch-library/virtual/state.go:923.116,925.3 1 1
github.com/mithro/go-netgear-switch-library/virtual/state.go:926.2,926.41 1 1
github.com/mithro/go-netgear-switch-library/virtual/state.go:942.46,944.19 2 1
github.com/mithro/go-netgear-switch-library/virtual/state.go:944.19,946.3 1 1
github.com/mithro/go-netgear-switch-library/virtual/state.go:947.2,948.13 2 1
github.com/mithro/go-netgear-switch-library/virtual/state.go:954.52,956.23 2 1
github.com/mithro/go-netgear-switch-library/virtual/state.go:956.23,957.18 1 1
github.com/mithro/go-netgear-switch-library/virtual/state.go:957.18,959.4 1 1
github.com/mithro/go-netgear-switch-library/virtual/state.go:961.2,961.12 1 1
github.com/mithro/go-netgear-switch-library/virtual/state.go:968.37,969.14 1 1
github.com/mithro/go-netgear-switch-library/virtual/state.go:970.10,971.14 1 0
github.com/mithro/go-netgear-switch-library/virtual/state.go:972.11,973.14 1 1
github.com/mithro/go-netgear-switch-library/virtual/state.go:974.12,975.14 1 1
github.com/mithro/go-netgear-switch-library/virtual/state.go:976.13,977.14 1 1
github.com/mithro/go-netgear-switch-library/virtual/state.go:978.10,979.14 1 0
github.com/mithro/go-netgear-switch-library/virtual/state.go:988.34,989.14 1 1
github.com/mithro/go-netgear-switch-library/virtual/state.go:989.14,991.3 1 1
github.com/mithro/go-netgear-switch-library/virtual/state.go:992.2,992.11 1 1
github.com/mithro/go-netgear-switch-library/virtual/state.go:1005.86,1007.16 2 1
github.com/mithro/go-netgear-switch-library/virtual/state.go:1007.16,1009.3 1 0
github.com/mithro/go-netgear-switch-library/virtual/state.go:1010.2,1010.25 1 1
github.com/mithro/go-netgear-switch-library/virtual/state.go:1028.66,1033.21 4 1
github.com/mithro/go-netgear-switch-library/virtual/state.go:1033.21,1035.3 1 1
github.com/mithro/go-netgear-switch-library/virtual/state.go:1037.2,1039.25 2 1
github.com/mithro/go-netgear-switch-library/virtual/state.go:1039.25,1041.3 1 1
github.com/mithro/go-netgear-switch-library/virtual/state.go:1042.2,1042.23 1 1
github.com/mithro/go-netgear-switch-library/virtual/state.go:1042.23,1045.3 2 0
github.com/mithro/go-netgear-switch-library/virtual/state.go:1046.2,1046.29 1 1
github.com/mithro/go-netgear-switch-library/virtual/state.go:1046.29,1048.3 1 1
github.com/mithro/go-netgear-switch-library/virtual/state.go:1049.2,1049.50 1 1
github.com/mithro/go-netgear-switch-library/virtual/state.go:1049.50,1051.3 1 0
github.com/mithro/go-netgear-switch-library/virtual/state.go:1052.2,1052.48 1 1
github.com/mithro/go-netgear-switch-library/virtual/state.go:1052.48,1054.3 1 0
github.com/mithro/go-netgear-switch-library/virtual/state.go:1055.2,1055.52 1 1
github.com/mithro/go-netgear-switch-library/virtual/state.go:1055.52,1057.3 1 0
github.com/mithro/go-netgear-switch-library/virtual/state.go:1058.2,1058.30 1 1
github.com/mithro/go-netgear-switch-library/virtual/state.go:1058.30,1059.47 1 1
github.com/mithro/go-netgear-switch-library/virtual/state.go:1059.47,1062.16 3 1
github.com/mithro/go-netgear-switch-library/virtual/state.go:1062.16,1064.5 1 1
github.com/mithro/go-netgear-switch-library/virtual/state.go:1065.4,1065.105 1 1
github.com/mithro/go-netgear-switch-library/virtual/state.go:1068.2,1068.34 1 1
github.com/mithro/go-netgear-switch-library/virtual/state.go:1068.34,1075.47 1 0
github.com/mithro/go-netgear-switch-library/virtual/state.go:1075.47,1084.4 8 0
github.com/mithro/go-netgear-switch-library/virtual/state.go:1086.2,1086.31 1 1
github.com/mithro/go-netgear-switch-library/virtual/state.go:1086.31,1087.46 1 1
github.com/mithro/go-netgear-switch-library/virtual/state.go:1087.46,1091.18 4 1
github.com/mithro/go-netgear-switch-library/virtual/state.go:1091.18,1093.5 1 1
github.com/mithro/go-netgear-switch-library/virtual/state.go:1096.2,1096.28 1 1
github.com/mithro/go-netgear-switch-library/virtual/state.go:1096.28,1097.47 1 1
github.com/mithro/go-netgear-switch-library/virtual/state.go:1097.47,1102.4 4 1
github.com/mithro/go-netgear-switch-library/virtual/state.go:1104.2,1104.29 1 1
github.com/mithro/go-netgear-switch-library/virtual/state.go:1104.29,1106.3 1 1
github.com/mithro/go-netgear-switch-library/virtual/state.go:1107.2,1107.27 1 1
github.com/mithro/go-netgear-switch-library/virtual/state.go:1107.27,1109.3 1 1
github.com/mithro/go-netgear-switch-library/virtual/state.go:1110.2,1110.27 1 1
github.com/mithro/go-netgear-switch-library/virtual/state.go:1110.27,1112.3 1 1
github.com/mithro/go-netgear-switch-library/virtual/state.go:1113.2,1113.28 1 1
github.com/mithro/go-netgear-switch-library/virtual/state.go:1113.28,1115.30 2 1
github.com/mithro/go-netgear-switch-library/virtual/state.go:1115.30,1117.4 1 0
github.com/mithro/go-netgear-switch-library/virtual/state.go:1118.3,1118.83 1 1
github.com/mithro/go-netgear-switch-library/virtual/state.go:1120.2,1120.55 1 1
github.com/mithro/go-netgear-switch-library/virtual/state.go:1120.55,1122.3 1 0
github.com/mithro/go-netgear-switch-library/virtual/state.go:1123.2,1123.67 1 1
github.com/mithro/go-netgear-switch-library/virtual/state.go:1123.67,1132.3 2 0
github.com/mithro/go-netgear-switch-library/virtual/state.go:1133.2,1133.68 1 1
github.com/mithro/go-netgear-switch-library/virtual/state.go:1133.68,1135.33 2 0
github.com/mithro/go-netgear-switch-library/virtual/state.go:1135.33,1137.4 1 0
github.com/mithro/go-netgear-switch-library/virtual/state.go:1138.3,1139.36 2 0
github.com/mithro/go-netgear-switch-library/virtual/state.go:1139.36,1141.4 1 0
github.com/mithro/go-netgear-switch-library/virtual/state.go:1142.3,1142.112 1 0
github.com/mithro/go-netgear-switch-library/virtual/state.go:1144.2,1144.73 1 1
github.com/mithro/go-netgear-switch-library/virtual/state.go:1144.73,1146.32 2 0
github.com/mithro/go-netgear-switch-library/virtual/state.go:1146.32,1148.4 1 0
github.com/mithro/go-netgear-switch-library/virtual/state.go:1149.3,1149.86 1 0
github.com/mithro/go-netgear-switch-library/virtual/state.go:1151.2,1151.63 1 1
github.com/mithro/go-netgear-switch-library/virtual/state.go:1151.63,1153.27 2 0
github.com/mithro/go-netgear-switch-library/virtual/state.go:1153.27,1155.4 1 0
github.com/mithro/go-netgear-switch-library/virtual/state.go:1156.3,1156.81 1 0
github.com/mithro/go-netgear-switch-library/virtual/state.go:1158.2,1158.12 1 1
github.com/mithro/go-netgear-switch-library/virtual/state.go:1199.60,1200.13 1 1
github.com/mithro/go-netgear-switch-library/virtual/state.go:1201.24,1202.21 1 1
github.com/mithro/go-netgear-switch-library/virtual/state.go:1202.21,1204.4 1 1
github.com/mithro/go-netgear-switch-library/virtual/state.go:1205.3,1205.68 1 1
github.com/mithro/go-netgear-switch-library/virtual/state.go:1206.27,1209.17 3 1
github.com/mithro/go-netgear-switch-library/virtual/state.go:1209.17,1211.4 1 1
github.com/mithro/go-netgear-switch-library/virtual/state.go:1212.3,1213.44 2 1
github.com/mithro/go-netgear-switch-library/virtual/state.go:1213.44,1215.4 1 1
github.com/mithro/go-netgear-switch-library/virtual/state.go:1221.3,1225.4 1 1
github.com/mithro/go-netgear-switch-library/virtual/state.go:1226.25,1227.53 1 1
github.com/mithro/go-netgear-switch-library/virtual/state.go:1227.53,1229.4 1 1
github.com/mithro/go-netgear-switch-library/virtual/state.go:1230.23,1231.53 1 0
github.com/mithro/go-netgear-switch-library/virtual/state.go:1231.53,1233.4 1 0
github.com/mithro/go-netgear-switch-library/virtual/state.go:1234.23,1235.53 1 0
github.com/mithro/go-netgear-switch-library/virtual/state.go:1235.53,1237.4 1 0
github.com/mithro/go-netgear-switch-library/virtual/state.go:1238.24,1239.22 1 1
github.com/mithro/go-netgear-switch-library/virtual/state.go:1239.22,1241.4 1 1
github.com/mithro/go-netgear-switch-library/virtual/state.go:1242.3,1242.23 1 0
github.com/mithro/go-netgear-switch-library/virtual/state.go:1242.23,1244.4 1 0
github.com/mithro/go-netgear-switch-library/virtual/state.go:1244.9,1246.4 1 0
github.com/mithro/go-netgear-switch-library/virtual/state_oidmap.go:22.45,24.2 1 1
github.com/mithro/go-netgear-switch-library/virtual/state_oidmap.go:26.34,27.7 1 1
github.com/mithro/go-netgear-switch-library/virtual/state_oidmap.go:27.7,29.3 1 1
github.com/mithro/go-netgear-switch-library/virtual/state_oidmap.go:30.2,30.12 1 1
github.com/mithro/go-netgear-switch-library/virtual/state_oidmap.go:38.48,40.16 2 1
github.com/mithro/go-netgear-switch-library/virtual/state_oidmap.go:40.16,41.72 1 0
github.com/mithro/go-netgear-switch-library/virtual/state_oidmap.go:43.2,43.10 1 1
github.com/mithro/go-netgear-switch-library/virtual/state_oidmap.go:49.63,50.28 1 1
github.com/mithro/go-netgear-switch-library/virtual/state_oidmap.go:50.28,52.3 1 1
github.com/mithro/go-netgear-switch-library/virtual/state_oidmap.go:53.2,54.16 2 1
github.com/mithro/go-netgear-switch-library/virtual/state_oidmap.go:54.16,56.92 1 0
github.com/mithro/go-netgear-switch-library/virtual/state_oidmap.go:58.2,58.12 1 1
github.com/mithro/go-netgear-switch-library/virtual/state_oidmap.go:65.46,75.32 4 1
github.com/mithro/go-netgear-switch-library/virtual/state_oidmap.go:75.32,77.3 1 1
github.com/mithro/go-netgear-switch-library/virtual/state_oidmap.go:78.2,86.25 3 1
github.com/mithro/go-netgear-switch-library/virtual/state_oidmap.go:86.25,88.31 2 1
github.com/mithro/go-netgear-switch-library/virtual/state_oidmap.go:88.31,90.4 1 1
github.com/mithro/go-netgear-switch-library/virtual/state_oidmap.go:91.3,91.41 1 1
github.com/mithro/go-netgear-switch-library/virtual/state_oidmap.go:92.8,94.3 1 1
github.com/mithro/go-netgear-switch-library/virtual/state_oidmap.go:95.2,102.20 3 1
github.com/mithro/go-netgear-switch-library/virtual/state_oidmap.go:102.20,104.3 1 1
github.com/mithro/go-netgear-switch-library/virtual/state_oidmap.go:105.2,108.14 3 1
github.com/mithro/go-netgear-switch-library/virtual/state_oidmap.go:108.14,110.3 1 1
github.com/mithro/go-netgear-switch-library/virtual/state_oidmap.go:111.2,112.23 2 1
github.com/mithro/go-netgear-switch-library/virtual/state_oidmap.go:112.23,114.3 1 1
github.com/mithro/go-netgear-switch-library/virtual/state_oidmap.go:115.2,117.33 2 1
github.com/mithro/go-netgear-switch-library/virtual/state_oidmap.go:117.33,123.29 6 1
github.com/mithro/go-netgear-switch-library/virtual/state_oidmap.go:123.29,125.4 1 1
github.com/mithro/go-netgear-switch-library/virtual/state_oidmap.go:128.3,139.5 1 1
github.com/mithro/go-netgear-switch-library/virtual/state_oidmap.go:139.5,140.21 1 1
github.com/mithro/go-netgear-switch-library/virtual/state_oidmap.go:140.21,142.5 1 1
github.com/mithro/go-netgear-switch-library/virtual/state_oidmap.go:146.2,146.33 1 1
github.com/mithro/go-netgear-switch-library/virtual/state_oidmap.go:146.33,155.3 3 1
github.com/mithro/go-netgear-switch-library/virtual/state_oidmap.go:157.2,157.32 1 1
github.com/mithro/go-netgear-switch-library/virtual/state_oidmap.go:157.32,159.3 1 1
github.com/mithro/go-netgear-switch-library/virtual/state_oidmap.go:161.2,161.32 1 1
github.com/mithro/go-netgear-switch-library/virtual/state_oidmap.go:161.32,166.15 3 1
github.com/mithro/go-netgear-switch-library/virtual/state_oidmap.go:166.15,168.4 1 1
github.com/mithro/go-netgear-switch-library/virtual/state_oidmap.go:175.2,175.14 1 1
github.com/mithro/go-netgear-switch-library/virtual/state_oidmap.go:175.14,176.34 1 1
github.com/mithro/go-netgear-switch-library/virtual/state_oidmap.go:176.34,178.21 2 1
github.com/mithro/go-netgear-switch-library/virtual/state_oidmap.go:179.15,180.20 1 1
github.com/mithro/go-netgear-switch-library/virtual/state_oidmap.go:181.17,182.25 1 1
github.com/mithro/go-netgear-switch-library/virtual/state_oidmap.go:183.23,184.21 1 1
github.com/mithro/go-netgear-switch-library/virtual/state_oidmap.go:185.12,186.77 1 0
github.com/mithro/go-netgear-switch-library/virtual/state_oidmap.go:188.4,188.80 1 1
github.com/mithro/go-netgear-switch-library/virtual/state_oidmap.go:195.2,195.41 1 1
github.com/mithro/go-netgear-switch-library/virtual/state_oidmap.go:195.41,199.3 3 1
github.com/mithro/go-netgear-switch-library/virtual/state_oidmap.go:203.2,203.30 1 1
github.com/mithro/go-netgear-switch-library/virtual/state_oidmap.go:203.30,205.35 2 1
github.com/mithro/go-netgear-switch-library/virtual/state_oidmap.go:205.35,207.4 1 1
github.com/mithro/go-netgear-switch-library/virtual/state_oidmap.go:208.3,209.124 2 1
github.com/mithro/go-netgear-switch-library/virtual/state_oidmap.go:211.2,211.49 1 1
github.com/mithro/go-netgear-switch-library/virtual/state_oidmap.go:211.49,213.3 1 1
github.com/mithro/go-netgear-switch-library/virtual/state_oidmap.go:216.2,216.28 1 1
github.com/mithro/go-netgear-switch-library/virtual/state_oidmap.go:216.28,222.3 5 1
github.com/mithro/go-netgear-switch-library/virtual/state_oidmap.go:225.2,232.14 6 1
github.com/mithro/go-netgear-switch-library/virtual/state_oidmap.go:232.14,234.30 2 1
github.com/mithro/go-netgear-switch-library/virtual/state_oidmap.go:234.30,236.4 1 1
github.com/mithro/go-netgear-switch-library/virtual/state_oidmap.go:237.3,237.58 1 1
github.com/mithro/go-netgear-switch-library/virtual/state_oidmap.go:240.2,240.12 1 1
github.com/mithro/go-netgear-switch-library/virtual/state_oidmap.go:244.44,246.2 1 1
github.com/mithro/go-netgear-switch-library/virtual/state_oidmap.go:251.51,253.2 1 1
github.com/mithro/go-netgear-switch-library/virtual/telnetface.go:70.59,72.2 1 1
github.com/mithro/go-netgear-switch-library/virtual/telnetface.go:77.56,78.17 1 1
github.com/mithro/go-netgear-switch-library/virtual/telnetface.go:78.17,80.3 1 0
github.com/mithro/go-netgear-switch-library/virtual/telnetface.go:81.2,82.17 2 1
github.com/mithro/go-netgear-switch-library/virtual/telnetface.go:82.17,84.17 2 1
github.com/mithro/go-netgear-switch-library/virtual/telnetface.go:84.17,85.13 1 1
github.com/mithro/go-netgear-switch-library/virtual/telnetface.go:85.13,87.5 1 0
github.com/mithro/go-netgear-switch-library/virtual/telnetface.go:88.4,88.17 1 1
github.com/mithro/go-netgear-switch-library/virtual/telnetface.go:90.3,90.21 1 1
github.com/mithro/go-netgear-switch-library/virtual/telnetface.go:90.21,92.24 2 1
github.com/mithro/go-netgear-switch-library/virtual/telnetface.go:92.24,93.14 1 0
github.com/mithro/go-netgear-switch-library/virtual/telnetface.go:93.14,95.6 1 0
github.com/mithro/go-netgear-switch-library/virtual/telnetface.go:96.5,96.24 1 0
github.com/mithro/go-netgear-switch-library/virtual/telnetface.go:98.4,98.16 1 1
github.com/mithro/go-netgear-switch-library/virtual/telnetface.go:98.16,99.37 1 1
github.com/mithro/go-netgear-switch-library/virtual/telnetface.go:99.37,101.6 1 0
github.com/mithro/go-netgear-switch-library/virtual/telnetface.go:102.5,102.13 1 1
github.com/mithro/go-netgear-switch-library/virtual/telnetface.go:104.4,104.17 1 0
github.com/mithro/go-netgear-switch-library/virtual/telnetface.go:106.3,108.26 3 1
github.com/mithro/go-netgear-switch-library/virtual/telnetface.go:108.26,110.4 1 1
github.com/mithro/go-netgear-switch-library/virtual/telnetface.go:112.2,112.15 1 0
github.com/mithro/go-netgear-switch-library/virtual/telnetface.go:118.66,120.16 2 1
github.com/mithro/go-netgear-switch-library/virtual/telnetface.go:120.16,122.3 1 0
github.com/mithro/go-netgear-switch-library/virtual/telnetface.go:123.2,123.13 1 1
github.com/mithro/go-netgear-switch-library/virtual/telnetface.go:124.17,125.19 1 0
github.com/mithro/go-netgear-switch-library/virtual/telnetface.go:126.52,128.17 2 1
github.com/mithro/go-netgear-switch-library/virtual/telnetface.go:128.17,130.4 1 0
github.com/mithro/go-netgear-switch-library/virtual/telnetface.go:131.3,131.35 1 1
github.com/mithro/go-netgear-switch-library/virtual/telnetface.go:132.16,133.39 1 1
github.com/mithro/go-netgear-switch-library/virtual/telnetface.go:134.10,135.20 1 0
github.com/mithro/go-netgear-switch-library/virtual/telnetface.go:141.56,143.13 2 1
github.com/mithro/go-netgear-switch-library/virtual/telnetface.go:144.16,145.21 1 1
github.com/mithro/go-netgear-switch-library/virtual/telnetface.go:146.18,147.21 1 1
github.com/mithro/go-netgear-switch-library/virtual/telnetface.go:148.10,149.13 1 0
github.com/mithro/go-netgear-switch-library/virtual/telnetface.go:151.2,152.12 2 1
github.com/mithro/go-netgear-switch-library/virtual/telnetface.go:157.55,158.6 1 1
github.com/mithro/go-netgear-switch-library/virtual/telnetface.go:158.6,160.17 2 1
github.com/mithro/go-netgear-switch-library/virtual/telnetface.go:160.17,162.4 1 0
github.com/mithro/go-netgear-switch-library/virtual/telnetface.go:163.3,163.21 1 1
github.com/mithro/go-netgear-switch-library/virtual/telnetface.go:163.21,164.12 1 1
github.com/mithro/go-netgear-switch-library/virtual/telnetface.go:166.3,167.17 2 1
github.com/mithro/go-netgear-switch-library/virtual/telnetface.go:167.17,169.4 1 0
github.com/mithro/go-netgear-switch-library/virtual/telnetface.go:170.3,170.21 1 1
github.com/mithro/go-netgear-switch-library/virtual/telnetface.go:170.21,172.4 1 1
github.com/mithro/go-netgear-switch-library/virtual/telnetface.go:178.57,179.41 1 1
github.com/mithro/go-netgear-switch-library/virtual/telnetface.go:179.41,181.3 1 1
github.com/mithro/go-netgear-switch-library/virtual/telnetface.go:182.2,183.22 2 0
github.com/mithro/go-netgear-switch-library/virtual/telnetface.go:183.22,185.21 2 0
github.com/mithro/go-netgear-switch-library/virtual/telnetface.go:185.21,187.4 1 0
github.com/mithro/go-netgear-switch-library/virtual/telnetface.go:189.2,189.49 1 0
github.com/mithro/go-netgear-switch-library/virtual/telnetface.go:189.49,191.3 1 0
github.com/mithro/go-netgear-switch-library/virtual/telnetface.go:192.2,192.20 1 0
github.com/mithro/go-netgear-switch-library/virtual/telnetface.go:224.108,226.2 1 1
github.com/mithro/go-netgear-switch-library/virtual/telnetface.go:231.52,234.23 3 1
github.com/mithro/go-netgear-switch-library/virtual/telnetface.go:234.23,236.3 1 0
github.com/mithro/go-netgear-switch-library/virtual/telnetface.go:238.2,239.16 2 1
github.com/mithro/go-netgear-switch-library/virtual/telnetface.go:239.16,241.3 1 0
github.com/mithro/go-netgear-switch-library/virtual/telnetface.go:242.2,249.9 6 1
github.com/mithro/go-netgear-switch-library/virtual/telnetface.go:249.9,253.3 1 0
github.com/mithro/go-netgear-switch-library/virtual/telnetface.go:254.2,254.26 1 1
github.com/mithro/go-netgear-switch-library/virtual/telnetface.go:262.50,264.6 2 1
github.com/mithro/go-netgear-switch-library/virtual/telnetface.go:264.6,266.17 2 1
github.com/mithro/go-netgear-switch-library/virtual/telnetface.go:266.17,268.4 1 1
github.com/mithro/go-netgear-switch-library/virtual/telnetface.go:269.3,271.13 3 1
github.com/mithro/go-netgear-switch-library/virtual/telnetface.go:271.13,276.4 4 1
github.com/mithro/go-netgear-switch-library/virtual/telnetface.go:280.54,283.20 3 1
github.com/mithro/go-netgear-switch-library/virtual/telnetface.go:283.20,285.3 1 1
github.com/mithro/go-netgear-switch-library/virtual/telnetface.go:286.2,286.9 1 1
github.com/mithro/go-netgear-switch-library/virtual/telnetface.go:286.9,288.3 1 1
github.com/mithro/go-netgear-switch-library/virtual/telnetface.go:288.8,290.3 1 1
github.com/mithro/go-netgear-switch-library/virtual/telnetface.go:298.47,301.21 3 1
github.com/mithro/go-netgear-switch-library/virtual/telnetface.go:301.21,303.3 1 1
github.com/mithro/go-netgear-switch-library/virtual/telnetface.go:304.2,306.15 2 1
github.com/mithro/go-netgear-switch-library/virtual/telnetface.go:306.15,306.35 1 1
github.com/mithro/go-netgear-switch-library/virtual/telnetface.go:307.2,307.70 1 1
github.com/mithro/go-netgear-switch-library/virtual/telnetface.go:317.71,318.52 1 1
github.com/mithro/go-netgear-switch-library/virtual/telnetface.go:318.52,320.3 1 0
github.com/mithro/go-netgear-switch-library/virtual/telnetface.go:321.2,322.16 2 1
github.com/mithro/go-netgear-switch-library/virtual/telnetface.go:322.16,324.3 1 0
github.com/mithro/go-netgear-switch-library/virtual/telnetface.go:325.2,325.56 1 1
github.com/mithro/go-netgear-switch-library/virtual/telnetface.go:325.56,327.3 1 0
github.com/mithro/go-netgear-switch-library/virtual/telnetface.go:328.2,329.16 2 1
github.com/mithro/go-netgear-switch-library/virtual/telnetface.go:329.16,331.3 1 0
github.com/mithro/go-netgear-switch-library/virtual/telnetface.go:332.2,334.49 3 1
github.com/mithro/go-netgear-switch-library/virtual/telnetface.go:340.32,341.65 1 1
github.com/mithro/go-netgear-switch-library/virtual/telnetface.go:341.65,343.3 1 1
github.com/mithro/go-netgear-switch-library/virtual/telnetface.go:344.2,344.10 1 1
github.com/mithro/go-netgear-switch-library/virtual/telnetface.go:354.35,362.15 7 1
github.com/mithro/go-netgear-switch-library/virtual/telnetface.go:362.15,364.3 1 1
github.com/mithro/go-netgear-switch-library/virtual/telnetface.go:365.2,366.35 2 1
github.com/mithro/go-netgear-switch-library/virtual/telnetface.go:366.35,368.3 1 0
github.com/mithro/go-netgear-switch-library/virtual/telnetface.go:369.2,369.23 1 1
github.com/mithro/go-netgear-switch-library/virtual/telnetface.go:369.23,371.3 1 1
github.com/mithro/go-netgear-switch-library/virtual/telnetface.go:372.2,373.21 2 1
github.com/mithro/go-netgear-switch-library/virtual/telnetface.go:373.21,375.3 1 0
github.com/mithro/go-netgear-switch-library/virtual/telnetface.go:376.2,376.12 1 1
github.com/mithro/go-netgear-switch-library/virtual/web_fastpath_vlan.go:60.44,62.2 1 1
github.com/mithro/go-netgear-switch-library/virtual/web_fastpath_vlan.go:66.71,67.17 1 1
github.com/mithro/go-netgear-switch-library/virtual/web_fastpath_vlan.go:67.17,69.3 1 1
github.com/mithro/go-netgear-switch-library/virtual/web_fastpath_vlan.go:70.2,70.13 1 1
github.com/mithro/go-netgear-switch-library/virtual/web_fastpath_vlan.go:77.68,78.48 1 1
github.com/mithro/go-netgear-switch-library/virtual/web_fastpath_vlan.go:78.48,80.3 1 1
github.com/mithro/go-netgear-switch-library/virtual/web_fastpath_vlan.go:81.2,81.36 1 1
github.com/mithro/go-netgear-switch-library/virtual/web_fastpath_vlan.go:89.56,93.23 4 1
github.com/mithro/go-netgear-switch-library/virtual/web_fastpath_vlan.go:93.23,95.3 1 1
github.com/mithro/go-netgear-switch-library/virtual/web_fastpath_vlan.go:96.2,97.9 2 1
github.com/mithro/go-netgear-switch-library/virtual/web_fastpath_vlan.go:97.9,99.3 1 0
github.com/mithro/go-netgear-switch-library/virtual/web_fastpath_vlan.go:100.2,101.46 2 1
github.com/mithro/go-netgear-switch-library/virtual/web_fastpath_vlan.go:101.46,102.24 1 1
github.com/mithro/go-netgear-switch-library/virtual/web_fastpath_vlan.go:102.24,103.12 1 1
github.com/mithro/go-netgear-switch-library/virtual/web_fastpath_vlan.go:105.3,105.27 1 1
github.com/mithro/go-netgear-switch-library/virtual/web_fastpath_vlan.go:105.27,106.12 1 0
github.com/mithro/go-netgear-switch-library/virtual/web_fastpath_vlan.go:108.3,108.55 1 1
github.com/mithro/go-netgear-switch-library/virtual/web_fastpath_vlan.go:108.55,110.4 1 1
github.com/mithro/go-netgear-switch-library/virtual/web_fastpath_vlan.go:110.9,112.4 1 1
github.com/mithro/go-netgear-switch-library/virtual/web_fastpath_vlan.go:114.2,115.46 2 1
github.com/mithro/go-netgear-switch-library/virtual/web_fastpath_vlan.go:115.46,116.20 1 1
github.com/mithro/go-netgear-switch-library/virtual/web_fastpath_vlan.go:116.20,118.4 1 1
github.com/mithro/go-netgear-switch-library/virtual/web_fastpath_vlan.go:120.2,121.27 2 1
github.com/mithro/go-netgear-switch-library/virtual/web_fastpath_vlan.go:121.27,123.24 2 1
github.com/mithro/go-netgear-switch-library/virtual/web_fastpath_vlan.go:123.24,124.26 1 1
github.com/mithro/go-netgear-switch-library/virtual/web_fastpath_vlan.go:124.26,126.5 1 1
github.com/mithro/go-netgear-switch-library/virtual/web_fastpath_vlan.go:126.10,128.5 1 1
github.com/mithro/go-netgear-switch-library/virtual/web_fastpath_vlan.go:131.2,131.14 1 1
github.com/mithro/go-netgear-switch-library/virtual/web_fastpath_vlan.go:139.105,143.9 4 1
github.com/mithro/go-netgear-switch-library/virtual/web_fastpath_vlan.go:143.9,145.3 1 0
github.com/mithro/go-netgear-switch-library/virtual/web_fastpath_vlan.go:146.2,147.46 2 1
github.com/mithro/go-netgear-switch-library/virtual/web_fastpath_vlan.go:147.46,148.25 1 1
github.com/mithro/go-netgear-switch-library/virtual/web_fastpath_vlan.go:148.25,149.12 1 1
github.com/mithro/go-netgear-switch-library/virtual/web_fastpath_vlan.go:151.3,152.26 2 1
github.com/mithro/go-netgear-switch-library/virtual/web_fastpath_vlan.go:152.26,154.4 1 1
github.com/mithro/go-netgear-switch-library/virtual/web_fastpath_vlan.go:154.9,156.4 1 1
github.com/mithro/go-netgear-switch-library/virtual/web_fastpath_vlan.go:158.2,159.47 2 1
github.com/mithro/go-netgear-switch-library/virtual/web_fastpath_vlan.go:159.47,160.20 1 1
github.com/mithro/go-netgear-switch-library/virtual/web_fastpath_vlan.go:160.20,162.4 1 1
github.com/mithro/go-netgear-switch-library/virtual/web_fastpath_vlan.go:164.2,164.27 1 1
github.com/mithro/go-netgear-switch-library/virtual/web_fastpath_vlan.go:164.27,166.25 2 1
github.com/mithro/go-netgear-switch-library/virtual/web_fastpath_vlan.go:166.25,168.4 1 1
github.com/mithro/go-netgear-switch-library/virtual/web_fastpath_vlan.go:168.9,170.4 1 1
github.com/mithro/go-netgear-switch-library/virtual/web_fastpath_vlan.go:172.2,173.24 2 1
github.com/mithro/go-netgear-switch-library/virtual/web_fastpath_vlan.go:173.24,175.3 1 1
github.com/mithro/go-netgear-switch-library/virtual/web_fastpath_vlan.go:176.2,177.25 2 1
github.com/mithro/go-netgear-switch-library/virtual/web_fastpath_vlan.go:177.25,179.3 1 1
github.com/mithro/go-netgear-switch-library/virtual/web_fastpath_vlan.go:180.2,181.27 2 1
github.com/mithro/go-netgear-switch-library/virtual/web_fastpath_vlan.go:181.27,183.3 1 1
github.com/mithro/go-netgear-switch-library/virtual/web_fastpath_vlan.go:184.2,184.77 1 1
github.com/mithro/go-netgear-switch-library/virtual/web_fastpath_vlan.go:191.63,197.26 5 1
github.com/mithro/go-netgear-switch-library/virtual/web_fastpath_vlan.go:197.26,200.3 2 1
github.com/mithro/go-netgear-switch-library/virtual/web_fastpath_vlan.go:203.2,206.31 4 1
github.com/mithro/go-netgear-switch-library/virtual/web_fastpath_vlan.go:206.31,209.3 2 1
github.com/mithro/go-netgear-switch-library/virtual/web_fastpath_vlan.go:210.2,221.30 1 1
github.com/mithro/go-netgear-switch-library/virtual/web_fastpath_vlan.go:224.91,230.2 2 1
github.com/mithro/go-netgear-switch-library/virtual/web_fastpath_vlan.go:236.90,243.46 5 1
github.com/mithro/go-netgear-switch-library/virtual/web_fastpath_vlan.go:243.46,245.18 2 1
github.com/mithro/go-netgear-switch-library/virtual/web_fastpath_vlan.go:245.18,247.4 1 1
github.com/mithro/go-netgear-switch-library/virtual/web_fastpath_vlan.go:248.3,254.89 1 1
github.com/mithro/go-netgear-switch-library/virtual/web_fastpath_vlan.go:256.2,259.39 3 1
github.com/mithro/go-netgear-switch-library/virtual/web_fastpath_vlan.go:259.39,267.3 2 1
github.com/mithro/go-netgear-switch-library/virtual/web_fastpath_vlan.go:268.2,269.21 2 1
github.com/mithro/go-netgear-switch-library/virtual/web_fastpath_vlan.go:275.70,277.38 2 1
github.com/mithro/go-netgear-switch-library/virtual/web_fastpath_vlan.go:277.38,278.52 1 1
github.com/mithro/go-netgear-switch-library/virtual/web_fastpath_vlan.go:278.52,279.35 1 1
github.com/mithro/go-netgear-switch-library/virtual/web_fastpath_vlan.go:279.35,281.5 1 1
github.com/mithro/go-netgear-switch-library/virtual/web_fastpath_vlan.go:284.2,285.19 2 1
github.com/mithro/go-netgear-switch-library/virtual/web_fastpath_vlan.go:285.19,287.3 1 0
github.com/mithro/go-netgear-switch-library/virtual/web_fastpath_vlan.go:288.2,288.15 1 1
github.com/mithro/go-netgear-switch-library/virtual/web_fastpath_vlan.go:297.71,298.89 1 1
github.com/mithro/go-netgear-switch-library/virtual/web_fastpath_vlan.go:298.89,300.3 1 1
github.com/mithro/go-netgear-switch-library/virtual/web_fastpath_vlan.go:301.2,304.52 4 1
github.com/mithro/go-netgear-switch-library/virtual/web_fastpath_vlan.go:304.52,305.45 1 1
github.com/mithro/go-netgear-switch-library/virtual/web_fastpath_vlan.go:305.45,306.12 1 0
github.com/mithro/go-netgear-switch-library/virtual/web_fastpath_vlan.go:308.3,309.37 2 1
github.com/mithro/go-netgear-switch-library/virtual/web_fastpath_vlan.go:309.37,311.4 1 1
github.com/mithro/go-netgear-switch-library/virtual/web_fastpath_vlan.go:312.3,312.48 1 1
github.com/mithro/go-netgear-switch-library/virtual/web_fastpath_vlan.go:312.48,313.12 1 0
github.com/mithro/go-netgear-switch-library/virtual/web_fastpath_vlan.go:315.3,316.10 2 1
github.com/mithro/go-netgear-switch-library/virtual/web_fastpath_vlan.go:317.48,318.13 1 1
github.com/mithro/go-netgear-switch-library/virtual/web_fastpath_vlan.go:319.57,320.13 1 0
github.com/mithro/go-netgear-switch-library/virtual/web_fastpath_vlan.go:321.11,322.13 1 1
github.com/mithro/go-netgear-switch-library/virtual/web_fastpath_vlan.go:324.3,324.18 1 1
github.com/mithro/go-netgear-switch-library/virtual/web_fastpath_vlan.go:324.18,326.4 1 1
github.com/mithro/go-netgear-switch-library/virtual/web_fastpath_vlan.go:328.2,328.11 1 0
github.com/mithro/go-netgear-switch-library/virtual/web_fastpath_vlan.go:334.61,336.58 2 1
github.com/mithro/go-netgear-switch-library/virtual/web_fastpath_vlan.go:336.58,337.14 1 1
github.com/mithro/go-netgear-switch-library/virtual/web_fastpath_vlan.go:337.14,339.4 1 1
github.com/mithro/go-netgear-switch-library/virtual/web_fastpath_vlan.go:341.2,341.12 1 1
github.com/mithro/go-netgear-switch-library/virtual/web_fastpath_vlan.go:346.122,351.24 5 1
github.com/mithro/go-netgear-switch-library/virtual/web_fastpath_vlan.go:351.24,353.3 1 1
github.com/mithro/go-netgear-switch-library/virtual/web_fastpath_vlan.go:354.2,357.47 4 1
github.com/mithro/go-netgear-switch-library/virtual/web_fastpath_vlan.go:357.47,359.15 2 1
github.com/mithro/go-netgear-switch-library/virtual/web_fastpath_vlan.go:359.15,361.4 1 1
github.com/mithro/go-netgear-switch-library/virtual/web_fastpath_vlan.go:362.3,362.93 1 1
github.com/mithro/go-netgear-switch-library/virtual/web_fastpath_vlan.go:364.2,365.15 2 1
github.com/mithro/go-netgear-switch-library/virtual/web_fastpath_vlan.go:365.15,367.3 1 1
github.com/mithro/go-netgear-switch-library/virtual/web_fastpath_vlan.go:368.2,369.24 2 1
github.com/mithro/go-netgear-switch-library/virtual/web_fastpath_vlan.go:369.24,371.3 1 1
github.com/mithro/go-netgear-switch-library/virtual/web_fastpath_vlan.go:372.2,374.18 3 1
github.com/mithro/go-netgear-switch-library/virtual/web_fastpath_vlan.go:374.18,376.3 1 1
github.com/mithro/go-netgear-switch-library/virtual/web_fastpath_vlan.go:377.2,378.17 2 1
github.com/mithro/go-netgear-switch-library/virtual/web_fastpath_vlan.go:378.17,380.3 1 1
github.com/mithro/go-netgear-switch-library/virtual/web_fastpath_vlan.go:381.2,382.14 2 1
github.com/mithro/go-netgear-switch-library/virtual/web_fastpath_vlan.go:382.14,384.3 1 1
github.com/mithro/go-netgear-switch-library/virtual/web_fastpath_vlan.go:385.2,417.35 1 1
github.com/mithro/go-netgear-switch-library/virtual/web_fastpath_vlan.go:426.72,427.86 1 1
github.com/mithro/go-netgear-switch-library/virtual/web_fastpath_vlan.go:427.86,429.3 1 1
github.com/mithro/go-netgear-switch-library/virtual/web_fastpath_vlan.go:430.2,430.37 1 1
github.com/mithro/go-netgear-switch-library/virtual/web_fastpath_vlan.go:430.37,432.3 1 0
github.com/mithro/go-netgear-switch-library/virtual/web_fastpath_vlan.go:433.2,435.9 3 1
github.com/mithro/go-netgear-switch-library/virtual/web_fastpath_vlan.go:435.9,437.3 1 0
github.com/mithro/go-netgear-switch-library/virtual/web_fastpath_vlan.go:438.2,440.46 3 1
github.com/mithro/go-netgear-switch-library/virtual/web_fastpath_vlan.go:440.46,442.26 2 1
github.com/mithro/go-netgear-switch-library/virtual/web_fastpath_vlan.go:442.26,444.4 1 1
github.com/mithro/go-netgear-switch-library/virtual/web_fastpath_vlan.go:445.3,445.48 1 1
github.com/mithro/go-netgear-switch-library/virtual/web_fastpath_vlan.go:445.48,446.12 1 0
github.com/mithro/go-netgear-switch-library/virtual/web_fastpath_vlan.go:448.3,449.15 2 1
github.com/mithro/go-netgear-switch-library/virtual/web_fastpath_vlan.go:450.12,451.29 1 1
github.com/mithro/go-netgear-switch-library/virtual/web_fastpath_vlan.go:452.12,454.30 2 1
github.com/mithro/go-netgear-switch-library/virtual/web_fastpath_vlan.go:455.11,457.31 2 1
github.com/mithro/go-netgear-switch-library/virtual/web_fastpath_vlan.go:462.2,463.53 2 1
github.com/mithro/go-netgear-switch-library/virtual/web_fastpath_vlan.go:463.53,464.20 1 1
github.com/mithro/go-netgear-switch-library/virtual/web_fastpath_vlan.go:464.20,466.4 1 1
github.com/mithro/go-netgear-switch-library/virtual/web_fastpath_vlan.go:468.2,469.27 2 1
github.com/mithro/go-netgear-switch-library/virtual/web_fastpath_vlan.go:469.27,472.24 3 1
github.com/mithro/go-netgear-switch-library/virtual/web_fastpath_vlan.go:472.24,474.4 1 1
github.com/mithro/go-netgear-switch-library/virtual/web_fastpath_vlan.go:475.3,475.18 1 1
github.com/mithro/go-netgear-switch-library/virtual/web_fastpath_vlan.go:475.18,478.4 2 0
github.com/mithro/go-netgear-switch-library/virtual/web_fastpath_xui.go:62.47,64.2 1 1
github.com/mithro/go-netgear-switch-library/virtual/web_fastpath_xui.go:73.55,80.2 1 1
github.com/mithro/go-netgear-switch-library/virtual/web_fastpath_xui.go:94.31,111.2 1 1
github.com/mithro/go-netgear-switch-library/virtual/web_fastpath_xui.go:115.55,116.46 1 1
github.com/mithro/go-netgear-switch-library/virtual/web_fastpath_xui.go:116.46,117.23 1 1
github.com/mithro/go-netgear-switch-library/virtual/web_fastpath_xui.go:117.23,119.4 1 1
github.com/mithro/go-netgear-switch-library/virtual/web_fastpath_xui.go:121.2,121.14 1 1
github.com/mithro/go-netgear-switch-library/virtual/web_fastpath_xui.go:124.53,126.2 1 1
github.com/mithro/go-netgear-switch-library/virtual/web_fastpath_xui.go:138.55,140.28 2 1
github.com/mithro/go-netgear-switch-library/virtual/web_fastpath_xui.go:140.28,143.3 1 1
github.com/mithro/go-netgear-switch-library/virtual/web_fastpath_xui.go:144.2,144.93 1 1
github.com/mithro/go-netgear-switch-library/virtual/web_fastpath_xui.go:151.93,153.51 2 1
github.com/mithro/go-netgear-switch-library/virtual/web_fastpath_xui.go:153.51,155.3 1 1
github.com/mithro/go-netgear-switch-library/virtual/web_fastpath_xui.go:156.2,157.18 2 1
github.com/mithro/go-netgear-switch-library/virtual/web_fastpath_xui.go:157.18,159.3 1 1
github.com/mithro/go-netgear-switch-library/virtual/web_fastpath_xui.go:160.2,174.32 1 1
github.com/mithro/go-netgear-switch-library/virtual/web_fastpath_xui.go:181.76,184.25 3 1
github.com/mithro/go-netgear-switch-library/virtual/web_fastpath_xui.go:184.25,185.38 1 1
github.com/mithro/go-netgear-switch-library/virtual/web_fastpath_xui.go:185.38,187.4 1 1
github.com/mithro/go-netgear-switch-library/virtual/web_fastpath_xui.go:189.2,189.12 1 1
github.com/mithro/go-netgear-switch-library/virtual/web_fastpath_xui.go:194.51,196.2 1 1
github.com/mithro/go-netgear-switch-library/virtual/web_fastpath_xui.go:201.83,202.31 1 1
github.com/mithro/go-netgear-switch-library/virtual/web_fastpath_xui.go:202.31,203.27 1 1
github.com/mithro/go-netgear-switch-library/virtual/web_fastpath_xui.go:203.27,205.4 1 1
github.com/mithro/go-netgear-switch-library/virtual/web_fastpath_xui.go:207.2,207.18 1 1
github.com/mithro/go-netgear-switch-library/virtual/web_fastpath_xui.go:215.56,222.2 1 1
github.com/mithro/go-netgear-switch-library/virtual/web_fastpath_xui.go:226.36,228.2 1 1
github.com/mithro/go-netgear-switch-library/virtual/web_fastpath_xui.go:233.90,237.31 4 1
github.com/mithro/go-netgear-switch-library/virtual/web_fastpath_xui.go:237.31,239.3 1 1
github.com/mithro/go-netgear-switch-library/virtual/web_fastpath_xui.go:240.2,246.60 2 1
github.com/mithro/go-netgear-switch-library/virtual/web_fastpath_xui.go:251.40,253.21 2 1
github.com/mithro/go-netgear-switch-library/virtual/web_fastpath_xui.go:253.21,255.3 1 0
github.com/mithro/go-netgear-switch-library/virtual/web_fastpath_xui.go:256.2,256.26 1 1
github.com/mithro/go-netgear-switch-library/virtual/web_fastpath_xui.go:256.26,258.77 2 1
github.com/mithro/go-netgear-switch-library/virtual/web_fastpath_xui.go:258.77,260.4 1 0
github.com/mithro/go-netgear-switch-library/virtual/web_fastpath_xui.go:262.2,262.14 1 1
github.com/mithro/go-netgear-switch-library/virtual/web_fastpath_xui.go:265.43,266.22 1 1
github.com/mithro/go-netgear-switch-library/virtual/web_fastpath_xui.go:266.22,267.25 1 1
github.com/mithro/go-netgear-switch-library/virtual/web_fastpath_xui.go:267.25,269.4 1 1
github.com/mithro/go-netgear-switch-library/virtual/web_fastpath_xui.go:271.2,271.13 1 1
github.com/mithro/go-netgear-switch-library/virtual/web_fastpath_xui.go:279.98,281.28 2 1
github.com/mithro/go-netgear-switch-library/virtual/web_fastpath_xui.go:281.28,283.3 1 1
github.com/mithro/go-netgear-switch-library/virtual/web_fastpath_xui.go:284.2,288.4 1 1
github.com/mithro/go-netgear-switch-library/virtual/web_fastpath_xui.go:288.4,290.35 2 1
github.com/mithro/go-netgear-switch-library/virtual/web_fastpath_xui.go:290.35,294.4 1 0
github.com/mithro/go-netgear-switch-library/virtual/web_fastpath_xui.go:296.2,297.41 2 1
github.com/mithro/go-netgear-switch-library/virtual/web_fastpath_xui.go:297.41,300.3 2 0
github.com/mithro/go-netgear-switch-library/virtual/web_fastpath_xui.go:301.2,301.43 1 1
github.com/mithro/go-netgear-switch-library/virtual/web_fastpath_xui.go:301.43,303.3 1 1
github.com/mithro/go-netgear-switch-library/virtual/web_fastpath_xui.go:304.2,304.39 1 1
github.com/mithro/go-netgear-switch-library/virtual/web_fastpath_xui.go:304.39,306.3 1 1
github.com/mithro/go-netgear-switch-library/virtual/web_fastpath_xui.go:307.2,307.39 1 1
github.com/mithro/go-netgear-switch-library/virtual/web_fastpath_xui.go:307.39,309.3 1 1
github.com/mithro/go-netgear-switch-library/virtual/web_fastpath_xui.go:310.2,310.39 1 1
github.com/mithro/go-netgear-switch-library/virtual/web_fastpath_xui.go:310.39,312.3 1 1
github.com/mithro/go-netgear-switch-library/virtual/web_fastpath_xui.go:313.2,313.11 1 1
github.com/mithro/go-netgear-switch-library/virtual/web_fastpath_xui.go:319.104,320.28 1 1
github.com/mithro/go-netgear-switch-library/virtual/web_fastpath_xui.go:320.28,322.3 1 1
github.com/mithro/go-netgear-switch-library/virtual/web_fastpath_xui.go:323.2,323.61 1 1
github.com/mithro/go-netgear-switch-library/virtual/web_fastpath_xui.go:323.61,325.10 2 1
github.com/mithro/go-netgear-switch-library/virtual/web_fastpath_xui.go:325.10,326.12 1 0
github.com/mithro/go-netgear-switch-library/virtual/web_fastpath_xui.go:328.3,328.46 1 1
github.com/mithro/go-netgear-switch-library/virtual/web_fastpath_xui.go:328.46,330.4 1 0
github.com/mithro/go-netgear-switch-library/virtual/web_fastpath_xui.go:331.3,332.21 2 1
github.com/mithro/go-netgear-switch-library/virtual/web_fastpath_xui.go:332.21,333.12 1 0
github.com/mithro/go-netgear-switch-library/virtual/web_fastpath_xui.go:335.3,336.51 2 1
github.com/mithro/go-netgear-switch-library/virtual/web_fastpath_xui.go:336.51,337.12 1 0
github.com/mithro/go-netgear-switch-library/virtual/web_fastpath_xui.go:339.3,339.52 1 1
github.com/mithro/go-netgear-switch-library/virtual/web_fastpath_xui.go:339.52,341.4 1 1
github.com/mithro/go-netgear-switch-library/virtual/web_fastpath_xui.go:343.2,343.11 1 1
github.com/mithro/go-netgear-switch-library/virtual/web_gs105pe.go:59.40,60.36 1 1
github.com/mithro/go-netgear-switch-library/virtual/web_gs105pe.go:60.36,62.3 1 1
github.com/mithro/go-netgear-switch-library/virtual/web_gs105pe.go:63.2,63.33 1 1
github.com/mithro/go-netgear-switch-library/virtual/web_gs105pe.go:69.47,71.50 2 1
github.com/mithro/go-netgear-switch-library/virtual/web_gs105pe.go:71.50,74.15 3 1
github.com/mithro/go-netgear-switch-library/virtual/web_gs105pe.go:74.15,76.4 1 1
github.com/mithro/go-netgear-switch-library/virtual/web_gs105pe.go:77.3,78.15 2 1
github.com/mithro/go-netgear-switch-library/virtual/web_gs105pe.go:78.15,80.4 1 1
github.com/mithro/go-netgear-switch-library/virtual/web_gs105pe.go:81.3,89.22 1 1
github.com/mithro/go-netgear-switch-library/virtual/web_gs105pe.go:91.2,92.78 1 1
github.com/mithro/go-netgear-switch-library/virtual/web_gs105pe.go:99.41,102.2 1 1
github.com/mithro/go-netgear-switch-library/virtual/web_gs105pe.go:108.55,110.50 2 1
github.com/mithro/go-netgear-switch-library/virtual/web_gs105pe.go:110.50,121.3 10 1
github.com/mithro/go-netgear-switch-library/virtual/web_gs105pe.go:122.2,123.78 1 1
github.com/mithro/go-netgear-switch-library/virtual/web_gs105pe.go:128.45,130.50 2 1
github.com/mithro/go-netgear-switch-library/virtual/web_gs105pe.go:130.50,137.3 2 1
github.com/mithro/go-netgear-switch-library/virtual/web_gs105pe.go:138.2,139.78 1 1
github.com/mithro/go-netgear-switch-library/virtual/web_gs105pe.go:145.51,147.49 2 1
github.com/mithro/go-netgear-switch-library/virtual/web_gs105pe.go:147.49,149.3 1 1
github.com/mithro/go-netgear-switch-library/virtual/web_gs105pe.go:150.2,152.45 1 1
github.com/mithro/go-netgear-switch-library/virtual/web_gs105pe.go:159.72,163.27 4 1
github.com/mithro/go-netgear-switch-library/virtual/web_gs105pe.go:163.27,165.10 2 1
github.com/mithro/go-netgear-switch-library/virtual/web_gs105pe.go:166.43,167.18 1 1
github.com/mithro/go-netgear-switch-library/virtual/web_gs105pe.go:168.41,169.18 1 1
github.com/mithro/go-netgear-switch-library/virtual/web_gs105pe.go:170.11,171.18 1 1
github.com/mithro/go-netgear-switch-library/virtual/web_gs105pe.go:174.2,175.49 2 1
github.com/mithro/go-netgear-switch-library/virtual/web_gs105pe.go:175.49,177.25 2 1
github.com/mithro/go-netgear-switch-library/virtual/web_gs105pe.go:177.25,179.4 1 1
github.com/mithro/go-netgear-switch-library/virtual/web_gs105pe.go:180.3,180.81 1 1
github.com/mithro/go-netgear-switch-library/virtual/web_gs105pe.go:182.2,186.28 1 1
github.com/mithro/go-netgear-switch-library/virtual/web_gs105pe.go:192.51,196.23 4 1
github.com/mithro/go-netgear-switch-library/virtual/web_gs105pe.go:196.23,198.3 1 0
github.com/mithro/go-netgear-switch-library/virtual/web_gs105pe.go:199.2,200.18 2 1
github.com/mithro/go-netgear-switch-library/virtual/web_gs105pe.go:200.18,202.3 1 1
github.com/mithro/go-netgear-switch-library/virtual/web_gs105pe.go:203.2,220.19 18 1
github.com/mithro/go-netgear-switch-library/virtual/web_gs105pe.go:226.43,228.24 2 1
github.com/mithro/go-netgear-switch-library/virtual/web_gs105pe.go:228.24,230.3 1 1
github.com/mithro/go-netgear-switch-library/virtual/web_gs105pe.go:231.2,231.33 1 1
github.com/mithro/go-netgear-switch-library/virtual/web_gs110emx.go:42.46,44.2 1 1
github.com/mithro/go-netgear-switch-library/virtual/web_gs110emx.go:51.50,53.2 1 1
github.com/mithro/go-netgear-switch-library/virtual/web_gs110emx.go:57.44,59.24 2 1
github.com/mithro/go-netgear-switch-library/virtual/web_gs110emx.go:59.24,61.3 1 1
github.com/mithro/go-netgear-switch-library/virtual/web_gs110emx.go:62.2,62.33 1 1
github.com/mithro/go-netgear-switch-library/virtual/web_gs110emx.go:71.63,73.31 2 1
github.com/mithro/go-netgear-switch-library/virtual/web_gs110emx.go:73.31,75.3 1 0
github.com/mithro/go-netgear-switch-library/virtual/web_gs110emx.go:76.2,77.23 2 1
github.com/mithro/go-netgear-switch-library/virtual/web_gs110emx.go:77.23,79.3 1 0
github.com/mithro/go-netgear-switch-library/virtual/web_gs110emx.go:80.2,92.42 2 1
github.com/mithro/go-netgear-switch-library/virtual/web_gs110emx.go:100.47,101.36 1 1
github.com/mithro/go-netgear-switch-library/virtual/web_gs110emx.go:101.36,103.3 1 1
github.com/mithro/go-netgear-switch-library/virtual/web_gs110emx.go:104.2,104.38 1 1
github.com/mithro/go-netgear-switch-library/virtual/web_gs110emx.go:111.68,113.50 2 1
github.com/mithro/go-netgear-switch-library/virtual/web_gs110emx.go:113.50,116.29 3 1
github.com/mithro/go-netgear-switch-library/virtual/web_gs110emx.go:116.29,118.4 1 1
github.com/mithro/go-netgear-switch-library/virtual/web_gs110emx.go:119.3,120.15 2 1
github.com/mithro/go-netgear-switch-library/virtual/web_gs110emx.go:120.15,122.4 1 1
github.com/mithro/go-netgear-switch-library/virtual/web_gs110emx.go:126.3,128.16 3 1
github.com/mithro/go-netgear-switch-library/virtual/web_gs110emx.go:128.16,131.4 2 1
github.com/mithro/go-netgear-switch-library/virtual/web_gs110emx.go:132.3,133.15 2 1
github.com/mithro/go-netgear-switch-library/virtual/web_gs110emx.go:133.15,135.4 1 1
github.com/mithro/go-netgear-switch-library/virtual/web_gs110emx.go:136.3,144.24 2 1
github.com/mithro/go-netgear-switch-library/virtual/web_gs110emx.go:146.2,147.45 1 1
github.com/mithro/go-netgear-switch-library/virtual/web_gs110emx.go:164.77,165.31 1 1
github.com/mithro/go-netgear-switch-library/virtual/web_gs110emx.go:165.31,167.3 1 0
github.com/mithro/go-netgear-switch-library/virtual/web_gs110emx.go:168.2,169.34 2 1
github.com/mithro/go-netgear-switch-library/virtual/web_gs110emx.go:169.34,171.3 1 0
github.com/mithro/go-netgear-switch-library/virtual/web_gs110emx.go:172.2,173.47 2 1
github.com/mithro/go-netgear-switch-library/virtual/web_gs110emx.go:173.47,175.45 2 1
github.com/mithro/go-netgear-switch-library/virtual/web_gs110emx.go:175.45,176.12 1 1
github.com/mithro/go-netgear-switch-library/virtual/web_gs110emx.go:178.3,179.17 2 1
github.com/mithro/go-netgear-switch-library/virtual/web_gs110emx.go:179.17,180.12 1 0
github.com/mithro/go-netgear-switch-library/virtual/web_gs110emx.go:182.3,182.39 1 1
github.com/mithro/go-netgear-switch-library/virtual/web_gs110emx.go:182.39,184.4 1 1
github.com/mithro/go-netgear-switch-library/virtual/web_gs110emx.go:186.2,186.18 1 1
github.com/mithro/go-netgear-switch-library/virtual/web_gs110emx.go:191.60,193.50 2 1
github.com/mithro/go-netgear-switch-library/virtual/web_gs110emx.go:193.50,200.3 3 1
github.com/mithro/go-netgear-switch-library/virtual/web_gs110emx.go:201.2,202.37 1 1
github.com/mithro/go-netgear-switch-library/virtual/web_gs110emx.go:209.63,211.49 2 1
github.com/mithro/go-netgear-switch-library/virtual/web_gs110emx.go:211.49,214.48 3 1
github.com/mithro/go-netgear-switch-library/virtual/web_gs110emx.go:214.48,216.4 1 1
github.com/mithro/go-netgear-switch-library/virtual/web_gs110emx.go:217.3,221.24 2 1
github.com/mithro/go-netgear-switch-library/virtual/web_gs110emx.go:223.2,224.40 1 1
github.com/mithro/go-netgear-switch-library/virtual/web_gs110emx.go:233.87,237.27 4 1
github.com/mithro/go-netgear-switch-library/virtual/web_gs110emx.go:237.27,239.10 2 1
github.com/mithro/go-netgear-switch-library/virtual/web_gs110emx.go:240.43,241.18 1 1
github.com/mithro/go-netgear-switch-library/virtual/web_gs110emx.go:242.41,243.18 1 1
github.com/mithro/go-netgear-switch-library/virtual/web_gs110emx.go:244.11,245.18 1 1
github.com/mithro/go-netgear-switch-library/virtual/web_gs110emx.go:248.2,249.49 2 1
github.com/mithro/go-netgear-switch-library/virtual/web_gs110emx.go:249.49,251.3 1 1
github.com/mithro/go-netgear-switch-library/virtual/web_gs110emx.go:252.2,256.32 1 1
github.com/mithro/go-netgear-switch-library/virtual/web_gs110emx.go:269.70,271.50 2 1
github.com/mithro/go-netgear-switch-library/virtual/web_gs110emx.go:271.50,281.3 4 1
github.com/mithro/go-netgear-switch-library/virtual/web_gs110emx.go:282.2,283.38 1 1
github.com/mithro/go-netgear-switch-library/virtual/web_gs728tpp.go:35.42,36.11 1 1
github.com/mithro/go-netgear-switch-library/virtual/web_gs728tpp.go:36.11,38.3 1 1
github.com/mithro/go-netgear-switch-library/virtual/web_gs728tpp.go:39.2,39.12 1 0
github.com/mithro/go-netgear-switch-library/virtual/web_gs728tpp.go:42.40,43.10 1 1
github.com/mithro/go-netgear-switch-library/virtual/web_gs728tpp.go:43.10,45.3 1 1
github.com/mithro/go-netgear-switch-library/virtual/web_gs728tpp.go:46.2,46.12 1 1
github.com/mithro/go-netgear-switch-library/virtual/web_gs728tpp.go:49.42,53.2 1 1
github.com/mithro/go-netgear-switch-library/virtual/web_gs728tpp.go:55.41,57.24 2 1
github.com/mithro/go-netgear-switch-library/virtual/web_gs728tpp.go:57.24,59.3 1 1
github.com/mithro/go-netgear-switch-library/virtual/web_gs728tpp.go:60.2,60.33 1 1
github.com/mithro/go-netgear-switch-library/virtual/web_gs728tpp.go:65.47,67.47 2 1
github.com/mithro/go-netgear-switch-library/virtual/web_gs728tpp.go:67.47,70.29 3 1
github.com/mithro/go-netgear-switch-library/virtual/web_gs728tpp.go:70.29,72.4 1 0
github.com/mithro/go-netgear-switch-library/virtual/web_gs728tpp.go:73.3,80.93 1 1
github.com/mithro/go-netgear-switch-library/virtual/web_gs728tpp.go:82.2,82.100 1 1
github.com/mithro/go-netgear-switch-library/virtual/web_gs728tpp.go:88.57,90.47 2 1
github.com/mithro/go-netgear-switch-library/virtual/web_gs728tpp.go:90.47,92.50 2 1
github.com/mithro/go-netgear-switch-library/virtual/web_gs728tpp.go:92.50,94.23 2 1
github.com/mithro/go-netgear-switch-library/virtual/web_gs728tpp.go:94.23,95.13 1 1
github.com/mithro/go-netgear-switch-library/virtual/web_gs728tpp.go:97.4,98.24 2 1
github.com/mithro/go-netgear-switch-library/virtual/web_gs728tpp.go:98.24,100.5 1 1
github.com/mithro/go-netgear-switch-library/virtual/web_gs728tpp.go:101.4,104.34 1 1
github.com/mithro/go-netgear-switch-library/virtual/web_gs728tpp.go:106.3,107.34 2 1
github.com/mithro/go-netgear-switch-library/virtual/web_gs728tpp.go:107.34,109.4 1 1
github.com/mithro/go-netgear-switch-library/virtual/web_gs728tpp.go:110.3,116.33 1 1
github.com/mithro/go-netgear-switch-library/virtual/web_gs728tpp.go:118.2,118.100 1 1
github.com/mithro/go-netgear-switch-library/virtual/web_gs728tpp.go:123.47,125.49 2 1
github.com/mithro/go-netgear-switch-library/virtual/web_gs728tpp.go:125.49,127.15 2 1
github.com/mithro/go-netgear-switch-library/virtual/web_gs728tpp.go:127.15,129.4 1 1
github.com/mithro/go-netgear-switch-library/virtual/web_gs728tpp.go:130.3,132.86 1 1
github.com/mithro/go-netgear-switch-library/virtual/web_gs728tpp.go:134.2,134.82 1 1
github.com/mithro/go-netgear-switch-library/virtual/web_gs728tpp.go:139.45,141.45 2 1
github.com/mithro/go-netgear-switch-library/virtual/web_gs728tpp.go:141.45,154.3 2 1
github.com/mithro/go-netgear-switch-library/virtual/web_gs728tpp.go:155.2,155.104 1 1
github.com/mithro/go-netgear-switch-library/virtual/web_gs728tpp.go:160.46,162.31 2 1
github.com/mithro/go-netgear-switch-library/virtual/web_gs728tpp.go:162.31,170.3 1 1
github.com/mithro/go-netgear-switch-library/virtual/web_gs728tpp.go:171.2,171.96 1 1
github.com/mithro/go-netgear-switch-library/virtual/web_gs728tpp.go:179.43,180.19 1 1
github.com/mithro/go-netgear-switch-library/virtual/web_gs728tpp.go:180.19,182.33 2 1
github.com/mithro/go-netgear-switch-library/virtual/web_gs728tpp.go:182.33,184.4 1 1
github.com/mithro/go-netgear-switch-library/virtual/web_gs728tpp.go:185.3,185.34 1 1
github.com/mithro/go-netgear-switch-library/virtual/web_gs728tpp.go:187.2,187.12 1 0
github.com/mithro/go-netgear-switch-library/virtual/web_gs728tpp.go:192.46,194.31 2 1
github.com/mithro/go-netgear-switch-library/virtual/web_gs728tpp.go:194.31,207.3 1 1
github.com/mithro/go-netgear-switch-library/virtual/web_gs728tpp.go:208.2,208.104 1 1
github.com/mithro/go-netgear-switch-library/virtual/web_gs728tpp.go:213.48,223.2 3 1
github.com/mithro/go-netgear-switch-library/virtual/web_gs728tpp.go:231.62,233.43 2 1
github.com/mithro/go-netgear-switch-library/virtual/web_gs728tpp.go:233.43,235.3 1 1
github.com/mithro/go-netgear-switch-library/virtual/web_gs728tpp.go:236.2,246.34 3 1
github.com/mithro/go-netgear-switch-library/virtual/web_gs728tpp.go:274.67,275.41 1 1
github.com/mithro/go-netgear-switch-library/virtual/web_gs728tpp.go:275.41,276.44 1 1
github.com/mithro/go-netgear-switch-library/virtual/web_gs728tpp.go:276.44,278.4 1 1
github.com/mithro/go-netgear-switch-library/virtual/web_gs728tpp.go:280.2,280.18 1 0
github.com/mithro/go-netgear-switch-library/virtual/web_gs728tpp.go:288.33,292.2 3 1
github.com/mithro/go-netgear-switch-library/virtual/web_gsm7228ps.go:52.34,53.9 1 1
github.com/mithro/go-netgear-switch-library/virtual/web_gsm7228ps.go:54.31,55.36 1 1
github.com/mithro/go-netgear-switch-library/virtual/web_gsm7228ps.go:56.32,57.37 1 1
github.com/mithro/go-netgear-switch-library/virtual/web_gsm7228ps.go:58.10,59.14 1 1
github.com/mithro/go-netgear-switch-library/virtual/web_gsm7228ps.go:66.59,68.2 1 1
github.com/mithro/go-netgear-switch-library/virtual/web_gsm7228ps.go:71.67,73.2 1 1
github.com/mithro/go-netgear-switch-library/virtual/web_gsm7228ps.go:77.57,79.2 1 1
github.com/mithro/go-netgear-switch-library/virtual/web_gsm7228ps.go:85.65,87.2 1 1
github.com/mithro/go-netgear-switch-library/virtual/web_gsm7228ps.go:92.44,101.29 4 1
github.com/mithro/go-netgear-switch-library/virtual/web_gsm7228ps.go:101.29,108.3 6 1
github.com/mithro/go-netgear-switch-library/virtual/web_gsm7228ps.go:109.2,109.21 1 1
github.com/mithro/go-netgear-switch-library/virtual/web_gsm7228ps.go:115.43,117.2 1 1
github.com/mithro/go-netgear-switch-library/virtual/web_gsm7228ps.go:123.47,135.37 3 1
github.com/mithro/go-netgear-switch-library/virtual/web_gsm7228ps.go:135.37,139.55 4 1
github.com/mithro/go-netgear-switch-library/virtual/web_gsm7228ps.go:139.55,141.4 1 0
github.com/mithro/go-netgear-switch-library/virtual/web_gsm7228ps.go:142.3,144.31 3 1
github.com/mithro/go-netgear-switch-library/virtual/web_gsm7228ps.go:144.31,146.4 1 1
github.com/mithro/go-netgear-switch-library/virtual/web_gsm7228ps.go:147.3,150.40 4 1
github.com/mithro/go-netgear-switch-library/virtual/web_gsm7228ps.go:152.2,152.21 1 1
github.com/mithro/go-netgear-switch-library/virtual/web_gsm7228ps.go:160.46,170.2 2 1
github.com/mithro/go-netgear-switch-library/virtual/web_gsm7252ps.go:35.31,37.2 1 1
github.com/mithro/go-netgear-switch-library/virtual/web_gsm7252ps.go:39.49,43.2 1 1
github.com/mithro/go-netgear-switch-library/virtual/web_gsm7252ps.go:53.42,55.25 2 1
github.com/mithro/go-netgear-switch-library/virtual/web_gsm7252ps.go:55.25,57.3 1 1
github.com/mithro/go-netgear-switch-library/virtual/web_gsm7252ps.go:58.2,58.19 1 1
github.com/mithro/go-netgear-switch-library/virtual/web_gsm7252ps.go:63.35,64.36 1 1
github.com/mithro/go-netgear-switch-library/virtual/web_gsm7252ps.go:64.36,66.3 1 1
github.com/mithro/go-netgear-switch-library/virtual/web_gsm7252ps.go:67.2,67.37 1 1
github.com/mithro/go-netgear-switch-library/virtual/web_gsm7252ps.go:70.33,72.2 1 1
github.com/mithro/go-netgear-switch-library/virtual/web_gsm7252ps.go:79.42,82.47 3 1
github.com/mithro/go-netgear-switch-library/virtual/web_gsm7252ps.go:82.47,83.21 1 1
github.com/mithro/go-netgear-switch-library/virtual/web_gsm7252ps.go:83.21,85.4 1 1
github.com/mithro/go-netgear-switch-library/virtual/web_gsm7252ps.go:87.2,87.12 1 1
github.com/mithro/go-netgear-switch-library/virtual/web_gsm7252ps.go:100.56,102.2 1 1
github.com/mithro/go-netgear-switch-library/virtual/web_gsm7252ps.go:110.107,119.33 3 1
github.com/mithro/go-netgear-switch-library/virtual/web_gsm7252ps.go:119.33,126.15 6 1
github.com/mithro/go-netgear-switch-library/virtual/web_gsm7252ps.go:126.15,128.4 1 1
github.com/mithro/go-netgear-switch-library/virtual/web_gsm7252ps.go:129.3,132.45 4 1
github.com/mithro/go-netgear-switch-library/virtual/web_gsm7252ps.go:134.2,136.42 1 1
github.com/mithro/go-netgear-switch-library/virtual/web_gsm7252ps.go:139.39,140.11 1 1
github.com/mithro/go-netgear-switch-library/virtual/web_gsm7252ps.go:140.11,142.3 1 1
github.com/mithro/go-netgear-switch-library/virtual/web_gsm7252ps.go:143.2,143.18 1 1
github.com/mithro/go-netgear-switch-library/virtual/web_gsm7252ps.go:146.35,147.10 1 1
github.com/mithro/go-netgear-switch-library/virtual/web_gsm7252ps.go:147.10,149.3 1 1
github.com/mithro/go-netgear-switch-library/virtual/web_gsm7252ps.go:150.2,150.20 1 1
github.com/mithro/go-netgear-switch-library/virtual/web_gsm7252ps.go:156.64,158.2 1 1
github.com/mithro/go-netgear-switch-library/virtual/web_gsm7252ps.go:162.85,164.2 1 1
github.com/mithro/go-netgear-switch-library/virtual/web_gsm7252ps.go:169.50,178.31 3 1
github.com/mithro/go-netgear-switch-library/virtual/web_gsm7252ps.go:178.31,186.3 7 1
github.com/mithro/go-netgear-switch-library/virtual/web_gsm7252ps.go:187.2,187.21 1 1
github.com/mithro/go-netgear-switch-library/virtual/web_gsm7252ps.go:192.41,199.43 3 1
github.com/mithro/go-netgear-switch-library/virtual/web_gsm7252ps.go:199.43,201.3 1 1
github.com/mithro/go-netgear-switch-library/virtual/web_gsm7252ps.go:202.2,203.47 2 1
github.com/mithro/go-netgear-switch-library/virtual/web_gsm7252ps.go:203.47,204.18 1 1
github.com/mithro/go-netgear-switch-library/virtual/web_gsm7252ps.go:204.18,206.4 1 1
github.com/mithro/go-netgear-switch-library/virtual/web_gsm7252ps.go:208.2,208.30 1 1
github.com/mithro/go-netgear-switch-library/virtual/web_gsm7252ps.go:208.30,213.3 4 1
github.com/mithro/go-netgear-switch-library/virtual/web_gsm7252ps.go:214.2,214.21 1 1
github.com/mithro/go-netgear-switch-library/virtual/web_gsm7252ps.go:221.85,223.47 2 1
github.com/mithro/go-netgear-switch-library/virtual/web_gsm7252ps.go:223.47,224.21 1 1
github.com/mithro/go-netgear-switch-library/virtual/web_gsm7252ps.go:224.21,226.4 1 1
github.com/mithro/go-netgear-switch-library/virtual/web_gsm7252ps.go:226.9,228.4 1 1
github.com/mithro/go-netgear-switch-library/virtual/web_gsm7252ps.go:230.2,231.29 2 1
github.com/mithro/go-netgear-switch-library/virtual/web_gsm7252ps.go:231.29,233.3 1 1
github.com/mithro/go-netgear-switch-library/virtual/web_gsm7252ps.go:234.2,234.22 1 1
github.com/mithro/go-netgear-switch-library/virtual/web_gsm7252ps.go:234.22,236.3 1 1
github.com/mithro/go-netgear-switch-library/virtual/web_gsm7252ps.go:237.2,237.34 1 1
github.com/mithro/go-netgear-switch-library/virtual/web_gsm7252ps.go:242.41,251.29 4 1
github.com/mithro/go-netgear-switch-library/virtual/web_gsm7252ps.go:251.29,258.3 6 1
github.com/mithro/go-netgear-switch-library/virtual/web_gsm7252ps.go:259.2,259.21 1 1
github.com/mithro/go-netgear-switch-library/virtual/web_gsm7252ps.go:262.42,263.14 1 1
github.com/mithro/go-netgear-switch-library/virtual/web_gsm7252ps.go:263.14,265.3 1 1
github.com/mithro/go-netgear-switch-library/virtual/web_gsm7252ps.go:266.2,266.17 1 1
github.com/mithro/go-netgear-switch-library/virtual/web_gsm7252ps.go:273.44,285.37 3 1
github.com/mithro/go-netgear-switch-library/virtual/web_gsm7252ps.go:285.37,291.55 4 1
github.com/mithro/go-netgear-switch-library/virtual/web_gsm7252ps.go:291.55,293.4 1 1
github.com/mithro/go-netgear-switch-library/virtual/web_gsm7252ps.go:294.3,297.43 4 1
github.com/mithro/go-netgear-switch-library/virtual/web_gsm7252ps.go:299.2,299.21 1 1
github.com/mithro/go-netgear-switch-library/virtual/web_gsm7252ps.go:302.41,304.24 2 1
github.com/mithro/go-netgear-switch-library/virtual/web_gsm7252ps.go:304.24,306.3 1 1
github.com/mithro/go-netgear-switch-library/virtual/web_gsm7252ps.go:307.2,307.33 1 1
github.com/mithro/go-netgear-switch-library/virtual/web_gsm7252ps.go:314.38,315.16 1 1
github.com/mithro/go-netgear-switch-library/virtual/web_gsm7252ps.go:316.9,317.20 1 1
github.com/mithro/go-netgear-switch-library/virtual/web_gsm7252ps.go:318.9,319.21 1 1
github.com/mithro/go-netgear-switch-library/virtual/web_gsm7252ps.go:320.9,321.28 1 1
github.com/mithro/go-netgear-switch-library/virtual/web_gsm7252ps.go:322.10,323.23 1 1
github.com/mithro/go-netgear-switch-library/virtual/web_gsm7252ps.go:330.54,332.2 1 1
github.com/mithro/go-netgear-switch-library/virtual/web_gsm7252ps.go:346.129,354.33 3 1
github.com/mithro/go-netgear-switch-library/virtual/web_gsm7252ps.go:354.33,360.12 6 1
github.com/mithro/go-netgear-switch-library/virtual/web_gsm7252ps.go:360.12,362.4 1 1
github.com/mithro/go-netgear-switch-library/virtual/web_gsm7252ps.go:362.9,364.4 1 1
github.com/mithro/go-netgear-switch-library/virtual/web_gsm7252ps.go:365.3,368.45 4 1
github.com/mithro/go-netgear-switch-library/virtual/web_gsm7252ps.go:370.2,377.49 1 1
github.com/mithro/go-netgear-switch-library/virtual/web_gsm7252ps.go:390.72,392.35 2 1
github.com/mithro/go-netgear-switch-library/virtual/web_gsm7252ps.go:392.35,393.41 1 1
github.com/mithro/go-netgear-switch-library/virtual/web_gsm7252ps.go:393.41,395.4 1 1
github.com/mithro/go-netgear-switch-library/virtual/web_gsm7252ps.go:397.2,397.36 1 1
github.com/mithro/go-netgear-switch-library/virtual/web_gsm7252ps.go:403.62,405.2 1 1
github.com/mithro/go-netgear-switch-library/virtual/web_gsm7252ps.go:420.102,421.28 1 1
github.com/mithro/go-netgear-switch-library/virtual/web_gsm7252ps.go:421.28,423.3 1 1
github.com/mithro/go-netgear-switch-library/virtual/web_gsm7252ps.go:424.2,426.61 3 1
github.com/mithro/go-netgear-switch-library/virtual/web_gsm7252ps.go:426.61,427.49 1 1
github.com/mithro/go-netgear-switch-library/virtual/web_gsm7252ps.go:427.49,429.4 1 1
github.com/mithro/go-netgear-switch-library/virtual/web_gsm7252ps.go:430.3,431.21 2 1
github.com/mithro/go-netgear-switch-library/virtual/web_gsm7252ps.go:431.21,432.12 1 0
github.com/mithro/go-netgear-switch-library/virtual/web_gsm7252ps.go:434.3,435.51 2 1
github.com/mithro/go-netgear-switch-library/virtual/web_gsm7252ps.go:435.51,436.12 1 0
github.com/mithro/go-netgear-switch-library/virtual/web_gsm7252ps.go:438.3,439.26 2 1
github.com/mithro/go-netgear-switch-library/virtual/web_gsm7252ps.go:439.26,441.55 2 0
github.com/mithro/go-netgear-switch-library/virtual/web_gsm7252ps.go:441.55,443.5 1 0
github.com/mithro/go-netgear-switch-library/virtual/web_gsm7252ps.go:444.4,444.24 1 0
github.com/mithro/go-netgear-switch-library/virtual/web_gsm7252ps.go:444.24,447.25 1 0
github.com/mithro/go-netgear-switch-library/virtual/web_gsm7252ps.go:447.25,449.6 1 0
github.com/mithro/go-netgear-switch-library/virtual/web_gsm7252ps.go:449.11,451.6 1 0
github.com/mithro/go-netgear-switch-library/virtual/web_gsm7252ps.go:453.4,453.12 1 0
github.com/mithro/go-netgear-switch-library/virtual/web_gsm7252ps.go:455.3,456.10 2 1
github.com/mithro/go-netgear-switch-library/virtual/web_gsm7252ps.go:456.10,457.12 1 0
github.com/mithro/go-netgear-switch-library/virtual/web_gsm7252ps.go:459.3,459.46 1 1
github.com/mithro/go-netgear-switch-library/virtual/web_gsm7252ps.go:459.46,461.4 1 0
github.com/mithro/go-netgear-switch-library/virtual/web_gsm7252ps.go:462.3,463.17 2 1
github.com/mithro/go-netgear-switch-library/virtual/web_gsm7252ps.go:463.17,465.4 1 1
github.com/mithro/go-netgear-switch-library/virtual/web_gsm7252ps.go:465.9,465.29 1 0
github.com/mithro/go-netgear-switch-library/virtual/web_gsm7252ps.go:465.29,467.4 1 0
github.com/mithro/go-netgear-switch-library/virtual/web_gsm7252ps.go:469.2,469.11 1 1
github.com/mithro/go-netgear-switch-library/virtual/web_gsm7252ps.go:475.40,482.34 2 1
github.com/mithro/go-netgear-switch-library/virtual/web_gsm7252ps.go:482.34,489.3 6 1
github.com/mithro/go-netgear-switch-library/virtual/web_gsm7252ps.go:490.2,490.21 1 1
github.com/mithro/go-netgear-switch-library/virtual/web_gsm7252ps.go:493.46,495.36 2 1
github.com/mithro/go-netgear-switch-library/virtual/web_gsm7252ps.go:495.36,497.3 1 1
github.com/mithro/go-netgear-switch-library/virtual/web_gsm7252ps.go:498.2,498.33 1 1
github.com/mithro/go-netgear-switch-library/virtual/web_gsm7252ps.go:501.61,506.25 3 1
github.com/mithro/go-netgear-switch-library/virtual/web_gsm7252ps.go:506.25,509.3 1 1
github.com/mithro/go-netgear-switch-library/virtual/web_gsm7252ps.go:510.2,512.76 1 1
github.com/mithro/go-netgear-switch-library/virtual/web_gsm7252ps.go:521.43,525.28 4 1
github.com/mithro/go-netgear-switch-library/virtual/web_gsm7252ps.go:525.28,526.17 1 1
github.com/mithro/go-netgear-switch-library/virtual/web_gsm7252ps.go:527.22,529.36 2 1
github.com/mithro/go-netgear-switch-library/virtual/web_gsm7252ps.go:529.36,531.5 1 1
github.com/mithro/go-netgear-switch-library/virtual/web_gsm7252ps.go:532.4,532.57 1 1
github.com/mithro/go-netgear-switch-library/virtual/web_gsm7252ps.go:533.14,534.55 1 1
github.com/mithro/go-netgear-switch-library/virtual/web_gsm7252ps.go:537.2,538.28 2 1
github.com/mithro/go-netgear-switch-library/virtual/web_gsm7252ps.go:538.28,539.24 1 1
github.com/mithro/go-netgear-switch-library/virtual/web_gsm7252ps.go:539.24,541.4 1 1
github.com/mithro/go-netgear-switch-library/virtual/web_gsm7252ps.go:543.2,557.36 1 1
github.com/mithro/go-netgear-switch-library/virtual/web_m4300.go:33.34,35.2 1 1
github.com/mithro/go-netgear-switch-library/virtual/web_m4300.go:38.59,42.2 1 1
github.com/mithro/go-netgear-switch-library/virtual/web_m4300.go:47.38,48.36 1 1
github.com/mithro/go-netgear-switch-library/virtual/web_m4300.go:48.36,50.3 1 1
github.com/mithro/go-netgear-switch-library/virtual/web_m4300.go:51.2,51.38 1 1
github.com/mithro/go-netgear-switch-library/virtual/web_m4300.go:54.36,56.2 1 1
github.com/mithro/go-netgear-switch-library/virtual/web_m4300.go:61.45,64.47 3 1
github.com/mithro/go-netgear-switch-library/virtual/web_m4300.go:64.47,65.21 1 1
github.com/mithro/go-netgear-switch-library/virtual/web_m4300.go:65.21,67.4 1 1
github.com/mithro/go-netgear-switch-library/virtual/web_m4300.go:69.2,69.12 1 1
github.com/mithro/go-netgear-switch-library/virtual/web_m4300.go:82.59,85.33 3 1
github.com/mithro/go-netgear-switch-library/virtual/web_m4300.go:85.33,92.15 7 1
github.com/mithro/go-netgear-switch-library/virtual/web_m4300.go:92.15,94.4 1 1
github.com/mithro/go-netgear-switch-library/virtual/web_m4300.go:95.3,97.55 3 1
github.com/mithro/go-netgear-switch-library/virtual/web_m4300.go:99.2,101.43 1 1
github.com/mithro/go-netgear-switch-library/virtual/web_m4300.go:106.67,108.2 1 1
github.com/mithro/go-netgear-switch-library/virtual/web_m4300.go:117.57,120.2 1 1
github.com/mithro/go-netgear-switch-library/virtual/web_m4300.go:126.65,128.2 1 1
github.com/mithro/go-netgear-switch-library/virtual/web_m4300.go:139.53,141.49 2 1
github.com/mithro/go-netgear-switch-library/virtual/web_m4300.go:141.49,150.3 8 1
github.com/mithro/go-netgear-switch-library/virtual/web_m4300.go:151.2,151.24 1 1
github.com/mithro/go-netgear-switch-library/virtual/web_m4300.go:156.44,159.46 3 1
github.com/mithro/go-netgear-switch-library/virtual/web_m4300.go:159.46,161.3 1 1
github.com/mithro/go-netgear-switch-library/virtual/web_m4300.go:162.2,162.50 1 1
github.com/mithro/go-netgear-switch-library/virtual/web_m4300.go:162.50,163.22 1 1
github.com/mithro/go-netgear-switch-library/virtual/web_m4300.go:163.22,164.12 1 0
github.com/mithro/go-netgear-switch-library/virtual/web_m4300.go:166.3,169.100 4 1
github.com/mithro/go-netgear-switch-library/virtual/web_m4300.go:171.2,171.24 1 1
github.com/mithro/go-netgear-switch-library/virtual/web_m4300.go:178.44,181.49 3 1
github.com/mithro/go-netgear-switch-library/virtual/web_m4300.go:181.49,188.3 6 1
github.com/mithro/go-netgear-switch-library/virtual/web_m4300.go:189.2,189.24 1 1
github.com/mithro/go-netgear-switch-library/virtual/web_m4300.go:194.47,196.35 2 1
github.com/mithro/go-netgear-switch-library/virtual/web_m4300.go:196.35,202.3 5 1
github.com/mithro/go-netgear-switch-library/virtual/web_m4300.go:203.2,203.24 1 1
github.com/mithro/go-netgear-switch-library/virtual/web_m4300.go:209.46,214.34 3 1
github.com/mithro/go-netgear-switch-library/virtual/web_m4300.go:214.34,215.62 1 1
github.com/mithro/go-netgear-switch-library/virtual/web_m4300.go:215.62,217.4 1 1
github.com/mithro/go-netgear-switch-library/virtual/web_m4300.go:219.2,225.29 1 1
